viewer_id,original_user_id,age_group,gender,region,city,subscription_tier
V0001,1,25-34,Male,North,Stockholm,standard
V0002,2,25-34,Female,West,New York,basic
V0003,3,18-24,Female,West,Los Angeles,standard
V0004,4,45-54,Non-binary,East,Singapore,premium
V0005,5,25-34,Male,West,Los Angeles,basic
V0006,6,55+,Non-binary,North,Helsinki,basic
V0007,7,18-24,Male,East,Singapore,standard
V0008,8,55+,Male,Central,Dubai,premium
V0009,9,25-34,Male,North,Helsinki,basic
V0010,10,45-54,Male,South,Chennai,basic
V0011,11,55+,Male,Central,Cairo,basic
V0012,12,55+,Non-binary,West,Chicago,standard
V0013,13,25-34,Non-binary,East,Singapore,standard
V0014,14,35-44,Female,South,Mumbai,premium
V0015,15,45-54,Female,East,Tokyo,basic
V0016,16,55+,Non-binary,West,New York,basic
V0017,17,25-34,Non-binary,Central,Istanbul,basic
V0018,18,18-24,Male,East,Seoul,standard
V0019,19,45-54,Non-binary,South,Chennai,standard
V0020,20,55+,Male,Central,Cairo,premium
V0021,21,18-24,Male,East,Seoul,basic
V0022,22,55+,Male,North,Stockholm,standard
V0023,23,25-34,Non-binary,Central,Istanbul,basic
V0024,24,55+,Female,East,Seoul,basic
V0025,25,45-54,Female,North,Oslo,basic
V0026,26,25-34,Non-binary,East,Seoul,basic
V0027,27,55+,Non-binary,West,Los Angeles,premium
V0028,28,18-24,Male,North,Helsinki,basic
V0029,29,18-24,Female,Central,Cairo,premium
V0030,30,45-54,Male,South,Mumbai,standard
V0031,31,18-24,Female,East,Tokyo,premium
V0032,32,18-24,Female,South,Chennai,standard
V0033,33,25-34,Male,Central,Dubai,basic
V0034,34,18-24,Male,West,Chicago,standard
V0035,35,25-34,Female,West,New York,premium
V0036,36,45-54,Male,North,Stockholm,basic
V0037,37,45-54,Female,South,Bangalore,basic
V0038,38,18-24,Non-binary,South,Mumbai,standard
V0039,39,35-44,Male,East,Seoul,standard
V0040,40,45-54,Non-binary,Central,Cairo,standard
V0041,41,18-24,Female,North,Oslo,premium
V0042,42,18-24,Male,East,Singapore,standard
V0043,43,35-44,Female,East,Singapore,premium
V0044,44,45-54,Non-binary,North,Oslo,standard
V0045,45,45-54,Male,North,Helsinki,premium
V0046,46,35-44,Female,South,Mumbai,premium
V0047,47,55+,Female,East,Singapore,basic
V0048,48,55+,Female,East,Singapore,standard
V0049,49,45-54,Non-binary,East,Seoul,premium
V0050,50,25-34,Female,South,Chennai,standard
V0051,51,55+,Non-binary,South,Bangalore,standard
V0052,52,18-24,Female,Central,Istanbul,basic
V0053,53,55+,Non-binary,West,Chicago,standard
V0054,54,45-54,Female,West,Chicago,basic
V0055,55,45-54,Non-binary,Central,Dubai,premium
V0056,56,35-44,Non-binary,North,Helsinki,premium
V0057,57,35-44,Male,Central,Dubai,premium
V0058,58,25-34,Male,East,Tokyo,basic
V0059,59,25-34,Female,North,Helsinki,basic
V0060,60,45-54,Non-binary,West,Chicago,basic
V0061,61,45-54,Female,West,New York,basic
V0062,62,18-24,Female,North,Oslo,basic
V0063,63,45-54,Male,Central,Cairo,basic
V0064,64,45-54,Male,North,Stockholm,premium
V0065,65,55+,Non-binary,Central,Istanbul,standard
V0066,66,55+,Female,Central,Cairo,standard
V0067,67,45-54,Female,South,Bangalore,basic
V0068,68,55+,Female,East,Singapore,basic
V0069,69,45-54,Male,East,Singapore,standard
V0070,70,35-44,Female,South,Bangalore,premium
V0071,71,25-34,Male,North,Oslo,standard
V0072,72,25-34,Male,South,Bangalore,standard
V0073,73,55+,Female,East,Seoul,basic
V0074,74,45-54,Female,South,Chennai,premium
V0075,75,55+,Female,North,Stockholm,basic
V0076,76,35-44,Female,East,Seoul,premium
V0077,77,55+,Male,Central,Istanbul,basic
V0078,78,45-54,Female,East,Tokyo,standard
V0079,79,45-54,Non-binary,East,Tokyo,standard
V0080,80,55+,Non-binary,South,Mumbai,standard
V0081,81,55+,Non-binary,Central,Dubai,basic
V0082,82,25-34,Female,West,New York,basic
V0083,83,45-54,Female,East,Tokyo,standard
V0084,84,35-44,Female,East,Seoul,standard
V0085,85,18-24,Female,East,Tokyo,premium
V0086,86,18-24,Female,Central,Dubai,premium
V0087,87,18-24,Male,North,Oslo,basic
V0088,88,55+,Male,North,Oslo,basic
V0089,89,18-24,Non-binary,West,New York,standard
V0090,90,35-44,Male,East,Singapore,premium
V0091,91,25-34,Female,North,Oslo,premium
V0092,92,35-44,Non-binary,North,Helsinki,standard
V0093,93,25-34,Male,West,Chicago,premium
V0094,94,18-24,Non-binary,South,Bangalore,premium
V0095,95,18-24,Non-binary,Central,Dubai,standard
V0096,96,45-54,Non-binary,Central,Istanbul,basic
V0097,97,35-44,Male,Central,Istanbul,standard
V0098,98,45-54,Female,North,Helsinki,standard
V0099,99,45-54,Male,South,Chennai,premium
V0100,100,55+,Non-binary,East,Seoul,standard
V0101,101,55+,Female,West,Los Angeles,basic
V0102,102,35-44,Female,North,Oslo,standard
V0103,103,55+,Non-binary,Central,Istanbul,standard
V0104,104,45-54,Female,North,Oslo,standard
V0105,105,35-44,Female,South,Bangalore,standard
V0106,106,35-44,Non-binary,Central,Dubai,premium
V0107,107,18-24,Male,South,Chennai,standard
V0108,108,55+,Male,West,Chicago,standard
V0109,109,45-54,Male,West,New York,standard
V0110,110,45-54,Non-binary,South,Mumbai,standard
V0111,111,35-44,Female,Central,Cairo,premium
V0112,112,45-54,Non-binary,East,Singapore,standard
V0113,113,45-54,Female,East,Seoul,standard
V0114,114,18-24,Non-binary,South,Mumbai,standard
V0115,115,55+,Non-binary,North,Oslo,basic
V0116,116,45-54,Female,South,Chennai,premium
V0117,117,55+,Female,Central,Dubai,basic
V0118,118,25-34,Female,East,Tokyo,standard
V0119,119,55+,Male,North,Stockholm,basic
V0120,120,55+,Female,North,Helsinki,basic
V0121,121,18-24,Male,West,Chicago,standard
V0122,122,45-54,Female,West,Los Angeles,basic
V0123,123,35-44,Female,North,Oslo,basic
V0124,124,45-54,Male,West,Chicago,premium
V0125,125,25-34,Male,North,Helsinki,standard
V0126,126,25-34,Male,North,Helsinki,standard
V0127,127,55+,Non-binary,Central,Dubai,premium
V0128,128,45-54,Female,West,Los Angeles,premium
V0129,129,35-44,Non-binary,West,Chicago,basic
V0130,130,18-24,Male,Central,Cairo,basic
V0131,131,18-24,Male,East,Tokyo,basic
V0132,132,18-24,Male,Central,Dubai,standard
V0133,133,55+,Female,West,Los Angeles,basic
V0134,134,35-44,Non-binary,South,Bangalore,premium
V0135,135,18-24,Non-binary,West,New York,standard
V0136,136,25-34,Female,Central,Dubai,premium
V0137,137,25-34,Female,South,Mumbai,basic
V0138,138,25-34,Female,North,Helsinki,premium
V0139,139,35-44,Female,Central,Dubai,standard
V0140,140,45-54,Female,East,Singapore,premium
V0141,141,45-54,Male,West,Chicago,basic
V0142,142,35-44,Non-binary,West,Los Angeles,basic
V0143,143,25-34,Non-binary,North,Helsinki,premium
V0144,144,35-44,Non-binary,North,Oslo,basic
V0145,145,55+,Non-binary,West,Los Angeles,standard
V0146,146,55+,Female,South,Chennai,standard
V0147,147,45-54,Female,North,Stockholm,standard
V0148,148,18-24,Male,East,Seoul,standard
V0149,149,35-44,Non-binary,West,Los Angeles,premium
V0150,150,45-54,Male,North,Stockholm,standard
V0151,151,18-24,Female,East,Singapore,basic
V0152,152,45-54,Female,Central,Dubai,basic
V0153,153,35-44,Non-binary,Central,Istanbul,premium
V0154,154,18-24,Male,West,Los Angeles,premium
V0155,155,35-44,Female,South,Chennai,standard
V0156,156,18-24,Non-binary,North,Helsinki,basic
V0157,157,35-44,Non-binary,South,Mumbai,premium
V0158,158,18-24,Male,West,New York,standard
V0159,159,25-34,Female,North,Helsinki,standard
V0160,160,35-44,Female,Central,Istanbul,standard
V0161,161,45-54,Non-binary,South,Mumbai,standard
V0162,162,55+,Non-binary,South,Chennai,basic
V0163,163,35-44,Female,North,Stockholm,premium
V0164,164,18-24,Female,East,Singapore,standard
V0165,165,55+,Non-binary,Central,Istanbul,basic
V0166,166,55+,Female,West,Los Angeles,standard
V0167,167,55+,Female,Central,Istanbul,standard
V0168,168,25-34,Non-binary,South,Bangalore,basic
V0169,169,18-24,Female,West,Chicago,standard
V0170,170,45-54,Non-binary,West,Chicago,basic
V0171,171,18-24,Male,West,Chicago,premium
V0172,172,18-24,Female,East,Tokyo,premium
V0173,173,18-24,Non-binary,West,New York,standard
V0174,174,18-24,Female,South,Bangalore,standard
V0175,175,45-54,Non-binary,Central,Dubai,standard
V0176,176,45-54,Female,Central,Cairo,premium
V0177,177,55+,Male,West,Chicago,basic
V0178,178,35-44,Male,South,Chennai,basic
V0179,179,18-24,Non-binary,West,Chicago,basic
V0180,180,25-34,Non-binary,West,Los Angeles,basic
V0181,181,35-44,Male,North,Stockholm,standard
V0182,182,45-54,Male,East,Tokyo,premium
V0183,183,55+,Non-binary,West,New York,basic
V0184,184,18-24,Non-binary,South,Bangalore,premium
V0185,185,45-54,Non-binary,South,Mumbai,basic
V0186,186,35-44,Female,West,Los Angeles,premium
V0187,187,45-54,Female,North,Helsinki,premium
V0188,188,18-24,Female,South,Bangalore,premium
V0189,189,45-54,Non-binary,East,Seoul,standard
V0190,190,25-34,Female,East,Seoul,basic
V0191,191,45-54,Non-binary,South,Bangalore,premium
V0192,192,35-44,Male,East,Singapore,standard
V0193,193,18-24,Non-binary,East,Singapore,premium
V0194,194,55+,Non-binary,North,Stockholm,standard
V0195,195,55+,Female,South,Mumbai,premium
V0196,196,55+,Female,South,Chennai,premium
V0197,197,18-24,Non-binary,South,Chennai,basic
V0198,198,45-54,Male,East,Singapore,standard
V0199,199,18-24,Female,South,Bangalore,premium
V0200,200,25-34,Male,West,New York,premium
V0201,201,55+,Non-binary,East,Seoul,basic
V0202,202,45-54,Female,East,Singapore,standard
V0203,203,45-54,Male,North,Oslo,basic
V0204,204,55+,Female,West,New York,standard
V0205,205,35-44,Non-binary,North,Oslo,standard
V0206,206,35-44,Non-binary,East,Seoul,premium
V0207,207,18-24,Non-binary,East,Tokyo,standard
V0208,208,55+,Non-binary,North,Stockholm,premium
V0209,209,18-24,Non-binary,South,Bangalore,premium
V0210,210,45-54,Male,East,Tokyo,basic
V0211,211,35-44,Female,North,Oslo,basic
V0212,212,55+,Male,South,Bangalore,standard
V0213,213,55+,Female,East,Singapore,premium
V0214,214,45-54,Non-binary,South,Mumbai,standard
V0215,215,45-54,Female,Central,Dubai,premium
V0216,216,25-34,Female,East,Seoul,basic
V0217,217,18-24,Non-binary,East,Seoul,premium
V0218,218,18-24,Female,East,Seoul,basic
V0219,219,45-54,Male,North,Helsinki,basic
V0220,220,18-24,Male,Central,Istanbul,basic
V0221,221,55+,Male,South,Mumbai,premium
V0222,222,55+,Male,South,Mumbai,standard
V0223,223,55+,Male,South,Bangalore,basic
V0224,224,55+,Female,South,Mumbai,basic
V0225,225,25-34,Male,North,Stockholm,basic
V0226,226,35-44,Male,Central,Dubai,standard
V0227,227,25-34,Non-binary,North,Stockholm,premium
V0228,228,18-24,Female,North,Stockholm,standard
V0229,229,55+,Male,Central,Istanbul,premium
V0230,230,55+,Male,South,Chennai,premium
V0231,231,35-44,Female,Central,Cairo,basic
V0232,232,45-54,Female,North,Stockholm,premium
V0233,233,45-54,Non-binary,North,Stockholm,basic
V0234,234,35-44,Non-binary,North,Oslo,basic
V0235,235,35-44,Non-binary,South,Chennai,premium
V0236,236,35-44,Female,Central,Cairo,premium
V0237,237,45-54,Non-binary,East,Singapore,standard
V0238,238,18-24,Non-binary,North,Helsinki,premium
V0239,239,45-54,Female,South,Mumbai,standard
V0240,240,45-54,Female,East,Seoul,premium
V0241,241,35-44,Female,North,Stockholm,premium
V0242,242,35-44,Male,East,Singapore,standard
V0243,243,18-24,Male,North,Oslo,standard
V0244,244,35-44,Male,North,Helsinki,basic
V0245,245,55+,Non-binary,Central,Istanbul,premium
V0246,246,45-54,Female,North,Helsinki,standard
V0247,247,35-44,Non-binary,North,Stockholm,standard
V0248,248,55+,Non-binary,North,Oslo,basic
V0249,249,25-34,Male,West,Los Angeles,premium
V0250,250,18-24,Female,East,Singapore,basic
V0251,251,55+,Non-binary,West,Chicago,premium
V0252,252,18-24,Non-binary,Central,Cairo,premium
V0253,253,18-24,Male,East,Seoul,premium
V0254,254,35-44,Female,East,Tokyo,basic
V0255,255,55+,Non-binary,South,Bangalore,basic
V0256,256,18-24,Male,South,Chennai,premium
V0257,257,45-54,Female,South,Bangalore,standard
V0258,258,35-44,Female,South,Chennai,standard
V0259,259,55+,Male,Central,Dubai,basic
V0260,260,55+,Male,South,Chennai,basic
V0261,261,45-54,Non-binary,East,Seoul,standard
V0262,262,45-54,Female,Central,Istanbul,basic
V0263,263,18-24,Female,Central,Istanbul,basic
V0264,264,55+,Female,East,Singapore,premium
V0265,265,18-24,Male,East,Seoul,premium
V0266,266,18-24,Male,North,Stockholm,basic
V0267,267,35-44,Female,South,Bangalore,basic
V0268,268,45-54,Non-binary,North,Stockholm,basic
V0269,269,45-54,Non-binary,South,Chennai,basic
V0270,270,55+,Non-binary,Central,Istanbul,basic
V0271,271,18-24,Female,West,New York,standard
V0272,272,35-44,Non-binary,North,Stockholm,premium
V0273,273,45-54,Female,West,New York,standard
V0274,274,35-44,Male,North,Helsinki,standard
V0275,275,18-24,Female,East,Tokyo,basic
V0276,276,55+,Female,West,Chicago,basic
V0277,277,35-44,Non-binary,West,Los Angeles,basic
V0278,278,25-34,Male,East,Singapore,premium
V0279,279,55+,Non-binary,North,Oslo,standard
V0280,280,25-34,Male,East,Tokyo,basic
V0281,281,25-34,Male,East,Singapore,basic
V0282,282,25-34,Non-binary,North,Stockholm,standard
V0283,283,55+,Female,Central,Cairo,premium
V0284,284,35-44,Non-binary,Central,Istanbul,basic
V0285,285,18-24,Female,West,Los Angeles,premium
V0286,286,35-44,Non-binary,East,Tokyo,standard
V0287,287,18-24,Female,Central,Istanbul,standard
V0288,288,18-24,Female,North,Stockholm,basic
V0289,289,55+,Non-binary,North,Helsinki,standard
V0290,290,55+,Non-binary,West,Chicago,basic
V0291,291,55+,Non-binary,West,New York,standard
V0292,292,45-54,Non-binary,Central,Dubai,basic
V0293,293,18-24,Female,West,Chicago,basic
V0294,294,25-34,Male,Central,Dubai,premium
V0295,295,45-54,Non-binary,West,Chicago,premium
V0296,296,35-44,Female,South,Bangalore,standard
V0297,297,35-44,Non-binary,West,Chicago,basic
V0298,298,18-24,Female,East,Tokyo,premium
V0299,299,35-44,Female,West,Chicago,premium
V0300,300,25-34,Female,Central,Dubai,premium
V0301,301,35-44,Female,South,Chennai,premium
V0302,302,25-34,Non-binary,West,Chicago,basic
V0303,303,55+,Female,East,Singapore,standard
V0304,304,55+,Male,South,Chennai,premium
V0305,305,55+,Female,West,New York,standard
V0306,306,25-34,Male,East,Seoul,standard
V0307,307,25-34,Male,South,Mumbai,basic
V0308,308,18-24,Non-binary,East,Singapore,premium
V0309,309,18-24,Non-binary,Central,Istanbul,premium
V0310,310,55+,Female,South,Mumbai,basic
V0311,311,55+,Male,South,Chennai,standard
V0312,312,45-54,Female,North,Helsinki,premium
V0313,313,45-54,Non-binary,South,Bangalore,premium
V0314,314,25-34,Non-binary,West,New York,standard
V0315,315,25-34,Female,West,Chicago,premium
V0316,316,45-54,Female,West,Los Angeles,premium
V0317,317,45-54,Male,Central,Dubai,premium
V0318,318,35-44,Male,South,Chennai,standard
V0319,319,55+,Male,East,Singapore,premium
V0320,320,35-44,Male,North,Oslo,standard
V0321,321,55+,Male,West,Los Angeles,basic
V0322,322,45-54,Female,South,Mumbai,standard
V0323,323,45-54,Non-binary,North,Stockholm,basic
V0324,324,18-24,Female,West,New York,basic
V0325,325,18-24,Non-binary,East,Singapore,standard
V0326,326,25-34,Male,South,Bangalore,standard
V0327,327,45-54,Female,South,Chennai,basic
V0328,328,18-24,Female,North,Oslo,basic
V0329,329,55+,Non-binary,Central,Istanbul,basic
V0330,330,25-34,Female,East,Tokyo,basic
V0331,331,45-54,Non-binary,South,Chennai,standard
V0332,332,18-24,Female,North,Helsinki,premium
V0333,333,55+,Non-binary,North,Oslo,premium
V0334,334,35-44,Female,South,Mumbai,premium
V0335,335,25-34,Non-binary,East,Seoul,basic
V0336,336,55+,Female,North,Oslo,premium
V0337,337,55+,Non-binary,Central,Cairo,basic
V0338,338,45-54,Male,West,Chicago,standard
V0339,339,35-44,Non-binary,East,Tokyo,standard
V0340,340,35-44,Male,North,Helsinki,premium
V0341,341,55+,Non-binary,North,Stockholm,basic
V0342,342,35-44,Non-binary,North,Stockholm,premium
V0343,343,45-54,Non-binary,South,Bangalore,premium
V0344,344,25-34,Male,South,Chennai,standard
V0345,345,35-44,Male,North,Oslo,basic
V0346,346,35-44,Female,North,Helsinki,standard
V0347,347,45-54,Female,Central,Dubai,premium
V0348,348,35-44,Female,South,Mumbai,premium
V0349,349,35-44,Male,East,Seoul,standard
V0350,350,45-54,Female,West,Los Angeles,basic
V0351,351,45-54,Female,West,Chicago,standard
V0352,352,45-54,Male,North,Stockholm,premium
V0353,353,55+,Female,South,Bangalore,basic
V0354,354,35-44,Non-binary,North,Stockholm,standard
V0355,355,55+,Non-binary,West,Los Angeles,basic
V0356,356,35-44,Female,West,New York,premium
V0357,357,55+,Female,East,Seoul,premium
V0358,358,18-24,Non-binary,North,Helsinki,standard
V0359,359,55+,Non-binary,East,Singapore,basic
V0360,360,25-34,Non-binary,North,Helsinki,standard
V0361,361,25-34,Male,North,Oslo,premium
V0362,362,35-44,Female,East,Singapore,basic
V0363,363,25-34,Non-binary,Central,Istanbul,standard
V0364,364,45-54,Male,East,Singapore,basic
V0365,365,35-44,Female,Central,Istanbul,premium
V0366,366,25-34,Male,East,Tokyo,premium
V0367,367,45-54,Non-binary,South,Bangalore,premium
V0368,368,35-44,Female,North,Helsinki,standard
V0369,369,55+,Female,South,Chennai,standard
V0370,370,18-24,Male,South,Mumbai,standard
V0371,371,45-54,Male,South,Chennai,standard
V0372,372,18-24,Non-binary,East,Singapore,standard
V0373,373,25-34,Non-binary,East,Singapore,premium
V0374,374,35-44,Non-binary,South,Mumbai,basic
V0375,375,25-34,Male,South,Bangalore,basic
V0376,376,55+,Non-binary,East,Seoul,standard
V0377,377,25-34,Non-binary,Central,Dubai,basic
V0378,378,45-54,Non-binary,East,Singapore,standard
V0379,379,45-54,Female,Central,Cairo,basic
V0380,380,35-44,Non-binary,South,Mumbai,standard
V0381,381,55+,Female,West,New York,premium
V0382,382,25-34,Male,Central,Istanbul,premium
V0383,383,18-24,Non-binary,North,Oslo,standard
V0384,384,25-34,Female,South,Chennai,basic
V0385,385,55+,Female,East,Tokyo,standard
V0386,386,55+,Female,South,Mumbai,premium
V0387,387,55+,Non-binary,East,Tokyo,premium
V0388,388,55+,Non-binary,South,Mumbai,basic
V0389,389,55+,Female,Central,Cairo,basic
V0390,390,18-24,Male,North,Helsinki,premium
V0391,391,25-34,Non-binary,East,Seoul,premium
V0392,392,45-54,Non-binary,North,Helsinki,standard
V0393,393,45-54,Male,East,Singapore,standard
V0394,394,45-54,Male,East,Singapore,basic
V0395,395,45-54,Female,South,Bangalore,standard
V0396,396,35-44,Non-binary,South,Mumbai,standard
V0397,397,35-44,Female,East,Tokyo,standard
V0398,398,55+,Male,Central,Istanbul,basic
V0399,399,18-24,Female,West,Los Angeles,basic
V0400,400,18-24,Male,South,Bangalore,standard
V0401,401,45-54,Male,Central,Dubai,standard
V0402,402,35-44,Male,Central,Dubai,standard
V0403,403,45-54,Female,Central,Istanbul,standard
V0404,404,18-24,Female,North,Helsinki,standard
V0405,405,25-34,Non-binary,South,Bangalore,basic
V0406,406,35-44,Female,North,Helsinki,premium
V0407,407,35-44,Non-binary,West,New York,basic
V0408,408,25-34,Female,West,Chicago,standard
V0409,409,35-44,Male,West,Los Angeles,basic
V0410,410,55+,Male,Central,Istanbul,premium
V0411,411,18-24,Female,East,Singapore,standard
V0412,412,35-44,Non-binary,Central,Cairo,premium
V0413,413,25-34,Male,North,Stockholm,standard
V0414,414,55+,Female,East,Tokyo,basic
V0415,415,55+,Female,Central,Cairo,basic
V0416,416,18-24,Male,North,Helsinki,standard
V0417,417,55+,Female,West,New York,premium
V0418,418,25-34,Female,Central,Cairo,standard
V0419,419,45-54,Non-binary,South,Chennai,standard
V0420,420,35-44,Non-binary,Central,Cairo,premium
V0421,421,55+,Female,West,Los Angeles,basic
V0422,422,35-44,Non-binary,East,Tokyo,standard
V0423,423,35-44,Non-binary,Central,Cairo,premium
V0424,424,55+,Female,North,Stockholm,premium
V0425,425,55+,Male,Central,Cairo,basic
V0426,426,45-54,Male,Central,Cairo,premium
V0427,427,45-54,Male,Central,Cairo,basic
V0428,428,55+,Non-binary,North,Oslo,basic
V0429,429,45-54,Female,North,Stockholm,basic
V0430,430,25-34,Female,West,Chicago,premium
V0431,431,18-24,Non-binary,West,New York,premium
V0432,432,55+,Female,South,Chennai,standard
V0433,433,45-54,Female,Central,Dubai,standard
V0434,434,35-44,Non-binary,Central,Istanbul,premium
V0435,435,55+,Female,East,Tokyo,basic
V0436,436,55+,Female,East,Tokyo,standard
V0437,437,25-34,Non-binary,East,Singapore,standard
V0438,438,45-54,Female,East,Singapore,premium
V0439,439,35-44,Male,East,Singapore,premium
V0440,440,45-54,Female,Central,Istanbul,basic
V0441,441,18-24,Female,East,Singapore,basic
V0442,442,45-54,Non-binary,East,Seoul,premium
V0443,443,25-34,Male,West,Chicago,standard
V0444,444,35-44,Male,Central,Dubai,premium
V0445,445,25-34,Male,Central,Dubai,premium
V0446,446,25-34,Non-binary,Central,Dubai,basic
V0447,447,45-54,Female,North,Helsinki,standard
V0448,448,25-34,Male,North,Helsinki,basic
V0449,449,45-54,Female,West,Chicago,basic
V0450,450,35-44,Female,East,Singapore,basic
V0451,451,55+,Male,North,Helsinki,premium
V0452,452,25-34,Female,North,Oslo,basic
V0453,453,45-54,Male,West,Chicago,standard
V0454,454,18-24,Female,North,Helsinki,premium
V0455,455,35-44,Female,North,Stockholm,premium
V0456,456,55+,Female,Central,Dubai,premium
V0457,457,35-44,Male,West,New York,standard
V0458,458,45-54,Non-binary,South,Bangalore,premium
V0459,459,18-24,Non-binary,South,Bangalore,standard
V0460,460,25-34,Male,Central,Cairo,premium
V0461,461,45-54,Non-binary,West,Los Angeles,basic
V0462,462,18-24,Male,West,New York,standard
V0463,463,25-34,Male,East,Seoul,standard
V0464,464,45-54,Female,South,Bangalore,standard
V0465,465,55+,Male,Central,Istanbul,premium
V0466,466,25-34,Male,East,Singapore,basic
V0467,467,35-44,Male,West,Los Angeles,premium
V0468,468,35-44,Non-binary,Central,Dubai,premium
V0469,469,35-44,Non-binary,East,Tokyo,basic
V0470,470,45-54,Male,South,Bangalore,premium
V0471,471,35-44,Female,Central,Cairo,premium
V0472,472,55+,Non-binary,West,New York,basic
V0473,473,18-24,Non-binary,Central,Istanbul,premium
V0474,474,18-24,Non-binary,East,Tokyo,basic
V0475,475,55+,Male,Central,Cairo,premium
V0476,476,25-34,Female,South,Chennai,standard
V0477,477,25-34,Non-binary,North,Helsinki,standard
V0478,478,55+,Female,North,Oslo,standard
V0479,479,55+,Female,South,Bangalore,premium
V0480,480,55+,Female,North,Helsinki,standard
V0481,481,45-54,Female,North,Oslo,premium
V0482,482,55+,Male,South,Mumbai,standard
V0483,483,18-24,Non-binary,East,Tokyo,basic
V0484,484,18-24,Female,West,Los Angeles,basic
V0485,485,45-54,Female,South,Bangalore,standard
V0486,486,45-54,Male,West,Chicago,premium
V0487,487,25-34,Non-binary,Central,Istanbul,basic
V0488,488,55+,Female,South,Chennai,basic
V0489,489,18-24,Male,South,Bangalore,standard
V0490,490,45-54,Non-binary,Central,Istanbul,basic
V0491,491,45-54,Female,South,Mumbai,standard
V0492,492,18-24,Male,South,Chennai,standard
V0493,493,18-24,Male,Central,Dubai,basic
V0494,494,55+,Male,North,Stockholm,premium
V0495,495,25-34,Non-binary,North,Oslo,standard
V0496,496,25-34,Non-binary,West,New York,basic
V0497,497,55+,Female,South,Mumbai,premium
V0498,498,35-44,Non-binary,Central,Cairo,premium
V0499,499,25-34,Female,East,Tokyo,premium
V0500,500,25-34,Female,Central,Istanbul,standard
V0501,501,55+,Non-binary,North,Helsinki,basic
V0502,502,55+,Female,West,New York,standard
V0503,503,55+,Female,West,Chicago,standard
V0504,504,25-34,Female,West,Los Angeles,basic
V0505,505,45-54,Male,Central,Dubai,standard
V0506,506,45-54,Male,South,Chennai,standard
V0507,507,55+,Non-binary,West,New York,standard
V0508,508,35-44,Male,South,Bangalore,premium
V0509,509,45-54,Female,North,Oslo,premium
V0510,510,18-24,Female,South,Bangalore,premium
V0511,511,55+,Male,Central,Dubai,basic
V0512,512,55+,Male,Central,Istanbul,basic
V0513,513,35-44,Male,East,Tokyo,basic
V0514,514,45-54,Male,North,Helsinki,premium
V0515,515,45-54,Male,South,Chennai,standard
V0516,516,45-54,Female,East,Singapore,premium
V0517,517,35-44,Female,East,Seoul,premium
V0518,518,45-54,Male,West,Chicago,standard
V0519,519,25-34,Female,East,Seoul,standard
V0520,520,55+,Male,North,Helsinki,basic
V0521,521,35-44,Non-binary,North,Helsinki,premium
V0522,522,35-44,Male,West,New York,standard
V0523,523,45-54,Non-binary,South,Mumbai,standard
V0524,524,35-44,Female,Central,Istanbul,premium
V0525,525,45-54,Male,West,Chicago,standard
V0526,526,25-34,Non-binary,South,Chennai,standard
V0527,527,55+,Non-binary,South,Mumbai,premium
V0528,528,18-24,Non-binary,North,Oslo,basic
V0529,529,25-34,Non-binary,West,New York,basic
V0530,530,18-24,Male,South,Chennai,standard
V0531,531,18-24,Non-binary,East,Singapore,premium
V0532,532,45-54,Non-binary,Central,Istanbul,basic
V0533,533,55+,Non-binary,North,Stockholm,basic
V0534,534,55+,Non-binary,North,Stockholm,premium
V0535,535,18-24,Non-binary,East,Singapore,premium
V0536,536,25-34,Male,West,New York,premium
V0537,537,25-34,Male,South,Chennai,premium
V0538,538,35-44,Female,East,Seoul,basic
V0539,539,45-54,Female,East,Singapore,basic
V0540,540,35-44,Non-binary,South,Mumbai,premium
V0541,541,18-24,Female,North,Stockholm,standard
V0542,542,45-54,Male,Central,Cairo,basic
V0543,543,18-24,Female,South,Bangalore,premium
V0544,544,55+,Male,East,Singapore,basic
V0545,545,25-34,Non-binary,South,Chennai,standard
V0546,546,18-24,Male,East,Singapore,standard
V0547,547,55+,Non-binary,Central,Dubai,basic
V0548,548,18-24,Male,East,Singapore,basic
V0549,549,18-24,Female,West,New York,premium
V0550,550,55+,Female,South,Chennai,premium
V0551,551,45-54,Non-binary,East,Tokyo,premium
V0552,552,55+,Non-binary,North,Stockholm,basic
V0553,553,45-54,Male,North,Oslo,standard
V0554,554,55+,Non-binary,Central,Istanbul,standard
V0555,555,35-44,Female,North,Stockholm,basic
V0556,556,55+,Female,East,Seoul,basic
V0557,557,45-54,Male,Central,Cairo,standard
V0558,558,18-24,Male,South,Bangalore,basic
V0559,559,25-34,Non-binary,West,Los Angeles,standard
V0560,560,18-24,Male,East,Tokyo,standard
V0561,561,35-44,Female,West,New York,basic
V0562,562,25-34,Female,North,Stockholm,premium
V0563,563,55+,Female,Central,Dubai,basic
V0564,564,35-44,Non-binary,North,Oslo,premium
V0565,565,35-44,Female,Central,Dubai,standard
V0566,566,45-54,Male,West,Chicago,premium
V0567,567,55+,Non-binary,South,Mumbai,premium
V0568,568,25-34,Male,West,Los Angeles,standard
V0569,569,45-54,Male,East,Tokyo,basic
V0570,570,35-44,Female,West,Los Angeles,standard
V0571,571,35-44,Female,North,Oslo,premium
V0572,572,55+,Non-binary,West,New York,standard
V0573,573,25-34,Female,North,Oslo,standard
V0574,574,55+,Female,East,Seoul,standard
V0575,575,45-54,Non-binary,East,Singapore,basic
V0576,576,35-44,Non-binary,East,Singapore,basic
V0577,577,35-44,Male,West,Los Angeles,standard
V0578,578,45-54,Non-binary,East,Tokyo,standard
V0579,579,35-44,Female,West,Los Angeles,basic
V0580,580,25-34,Non-binary,Central,Cairo,basic
V0581,581,18-24,Non-binary,Central,Istanbul,premium
V0582,582,45-54,Female,South,Chennai,basic
V0583,583,45-54,Male,West,Chicago,standard
V0584,584,35-44,Non-binary,South,Mumbai,premium
V0585,585,45-54,Male,West,Los Angeles,premium
V0586,586,55+,Female,West,Chicago,premium
V0587,587,55+,Male,West,Los Angeles,premium
V0588,588,55+,Non-binary,Central,Dubai,basic
V0589,589,35-44,Male,South,Chennai,premium
V0590,590,55+,Non-binary,North,Helsinki,premium
V0591,591,35-44,Female,West,New York,basic
V0592,592,35-44,Male,North,Helsinki,premium
V0593,593,55+,Non-binary,Central,Cairo,premium
V0594,594,45-54,Female,South,Bangalore,standard
V0595,595,55+,Male,Central,Istanbul,basic
V0596,596,18-24,Female,West,Los Angeles,basic
V0597,597,25-34,Female,North,Stockholm,standard
V0598,598,25-34,Non-binary,West,Los Angeles,standard
V0599,599,18-24,Female,West,Chicago,premium
V0600,600,35-44,Male,West,Los Angeles,basic
V0601,601,18-24,Female,North,Helsinki,basic
V0602,602,25-34,Non-binary,South,Mumbai,premium
V0603,603,35-44,Non-binary,South,Bangalore,standard
V0604,604,45-54,Non-binary,South,Mumbai,basic
V0605,605,45-54,Male,West,Chicago,premium
V0606,606,45-54,Non-binary,South,Bangalore,standard
V0607,607,25-34,Male,North,Stockholm,premium
V0608,608,55+,Male,North,Helsinki,basic
V0609,609,35-44,Male,East,Seoul,basic
V0610,610,45-54,Non-binary,East,Singapore,standard
V0611,611,45-54,Non-binary,Central,Istanbul,premium
V0612,612,35-44,Female,North,Stockholm,premium
V0613,613,35-44,Non-binary,South,Chennai,basic
V0614,614,35-44,Male,South,Mumbai,standard
V0615,615,25-34,Female,North,Helsinki,basic
V0616,616,45-54,Female,Central,Cairo,basic
V0617,617,45-54,Female,Central,Dubai,standard
V0618,618,25-34,Non-binary,Central,Dubai,standard
V0619,619,25-34,Male,East,Seoul,standard
V0620,620,18-24,Female,Central,Dubai,standard
V0621,621,25-34,Female,South,Chennai,premium
V0622,622,45-54,Non-binary,West,Los Angeles,standard
V0623,623,45-54,Male,West,New York,premium
V0624,624,25-34,Female,North,Oslo,standard
V0625,625,55+,Female,South,Mumbai,standard
V0626,626,45-54,Non-binary,Central,Cairo,basic
V0627,627,18-24,Female,Central,Cairo,standard
V0628,628,18-24,Non-binary,Central,Istanbul,premium
V0629,629,45-54,Male,South,Chennai,premium
V0630,630,35-44,Male,South,Bangalore,standard
V0631,631,18-24,Female,East,Tokyo,basic
V0632,632,55+,Non-binary,South,Bangalore,premium
V0633,633,45-54,Male,Central,Cairo,basic
V0634,634,25-34,Male,South,Chennai,standard
V0635,635,35-44,Non-binary,Central,Cairo,basic
V0636,636,35-44,Female,East,Singapore,standard
V0637,637,18-24,Male,Central,Istanbul,basic
V0638,638,25-34,Non-binary,East,Tokyo,basic
V0639,639,35-44,Male,South,Chennai,standard
V0640,640,25-34,Non-binary,West,Chicago,standard
V0641,641,45-54,Female,West,New York,premium
V0642,642,45-54,Non-binary,North,Helsinki,standard
V0643,643,45-54,Female,East,Seoul,premium
V0644,644,18-24,Non-binary,North,Stockholm,premium
V0645,645,18-24,Non-binary,East,Seoul,basic
V0646,646,25-34,Female,West,Los Angeles,standard
V0647,647,35-44,Non-binary,East,Singapore,basic
V0648,648,45-54,Female,Central,Cairo,basic
V0649,649,18-24,Non-binary,North,Stockholm,basic
V0650,650,25-34,Female,North,Stockholm,basic
V0651,651,25-34,Non-binary,West,New York,premium
V0652,652,25-34,Female,East,Tokyo,premium
V0653,653,35-44,Male,East,Seoul,premium
V0654,654,18-24,Female,South,Chennai,standard
V0655,655,45-54,Non-binary,South,Mumbai,premium
V0656,656,18-24,Male,North,Stockholm,basic
V0657,657,55+,Male,South,Chennai,premium
V0658,658,18-24,Male,West,Chicago,standard
V0659,659,45-54,Non-binary,North,Oslo,standard
V0660,660,25-34,Female,North,Oslo,premium
V0661,661,18-24,Female,North,Stockholm,standard
V0662,662,45-54,Male,South,Chennai,premium
V0663,663,18-24,Non-binary,South,Chennai,basic
V0664,664,25-34,Female,Central,Istanbul,premium
V0665,665,25-34,Female,South,Chennai,premium
V0666,666,25-34,Male,West,New York,basic
V0667,667,55+,Non-binary,North,Stockholm,standard
V0668,668,35-44,Male,West,New York,standard
V0669,669,25-34,Non-binary,North,Helsinki,premium
V0670,670,35-44,Non-binary,Central,Dubai,premium
V0671,671,25-34,Non-binary,East,Singapore,premium
V0672,672,45-54,Female,South,Chennai,basic
V0673,673,45-54,Female,South,Mumbai,basic
V0674,674,55+,Male,West,Chicago,basic
V0675,675,35-44,Male,East,Seoul,premium
V0676,676,35-44,Non-binary,West,Chicago,basic
V0677,677,18-24,Male,West,Chicago,basic
V0678,678,35-44,Male,North,Oslo,basic
V0679,679,55+,Female,West,Chicago,premium
V0680,680,45-54,Female,Central,Cairo,standard
V0681,681,55+,Non-binary,North,Helsinki,basic
V0682,682,18-24,Female,East,Tokyo,premium
V0683,683,25-34,Non-binary,South,Bangalore,standard
V0684,684,18-24,Female,Central,Cairo,standard
V0685,685,18-24,Male,South,Mumbai,standard
V0686,686,45-54,Non-binary,North,Helsinki,basic
V0687,687,25-34,Male,East,Tokyo,premium
V0688,688,18-24,Male,South,Bangalore,standard
V0689,689,55+,Non-binary,Central,Istanbul,basic
V0690,690,25-34,Non-binary,East,Seoul,premium
V0691,691,18-24,Female,North,Stockholm,standard
V0692,692,18-24,Female,Central,Cairo,premium
V0693,693,45-54,Female,North,Helsinki,standard
V0694,694,45-54,Non-binary,North,Oslo,standard
V0695,695,35-44,Male,South,Chennai,premium
V0696,696,25-34,Non-binary,North,Helsinki,basic
V0697,697,18-24,Male,North,Oslo,standard
V0698,698,45-54,Male,East,Tokyo,basic
V0699,699,45-54,Male,Central,Istanbul,basic
V0700,700,35-44,Female,West,New York,premium
V0701,701,18-24,Non-binary,East,Singapore,basic
V0702,702,25-34,Non-binary,South,Mumbai,standard
V0703,703,45-54,Female,North,Stockholm,standard
V0704,704,55+,Female,North,Oslo,standard
V0705,705,35-44,Non-binary,South,Bangalore,premium
V0706,706,25-34,Female,Central,Istanbul,premium
V0707,707,25-34,Non-binary,West,Chicago,basic
V0708,708,18-24,Female,South,Mumbai,basic
V0709,709,35-44,Non-binary,Central,Cairo,basic
V0710,710,18-24,Non-binary,East,Seoul,premium
V0711,711,18-24,Male,East,Singapore,basic
V0712,712,45-54,Male,West,New York,premium
V0713,713,18-24,Male,East,Tokyo,premium
V0714,714,35-44,Female,West,Chicago,basic
V0715,715,18-24,Non-binary,Central,Dubai,premium
V0716,716,18-24,Non-binary,West,Chicago,basic
V0717,717,25-34,Male,West,Los Angeles,standard
V0718,718,45-54,Non-binary,East,Singapore,standard
V0719,719,45-54,Female,East,Tokyo,basic
V0720,720,25-34,Non-binary,South,Mumbai,basic
V0721,721,25-34,Female,North,Stockholm,standard
V0722,722,18-24,Non-binary,West,Los Angeles,basic
V0723,723,35-44,Female,West,Los Angeles,basic
V0724,724,25-34,Non-binary,North,Stockholm,premium
V0725,725,18-24,Male,Central,Istanbul,basic
V0726,726,25-34,Female,North,Stockholm,premium
V0727,727,35-44,Female,North,Oslo,basic
V0728,728,45-54,Non-binary,West,Chicago,premium
V0729,729,18-24,Female,South,Mumbai,basic
V0730,730,18-24,Male,North,Oslo,basic
V0731,731,45-54,Female,South,Chennai,premium
V0732,732,55+,Non-binary,North,Stockholm,basic
V0733,733,18-24,Male,North,Helsinki,standard
V0734,734,18-24,Female,South,Mumbai,basic
V0735,735,18-24,Male,West,Chicago,standard
V0736,736,45-54,Male,West,Los Angeles,premium
V0737,737,25-34,Female,West,New York,basic
V0738,738,35-44,Female,East,Tokyo,basic
V0739,739,55+,Non-binary,Central,Dubai,premium
V0740,740,45-54,Female,East,Singapore,standard
V0741,741,18-24,Female,North,Stockholm,basic
V0742,742,25-34,Non-binary,West,Chicago,basic
V0743,743,18-24,Female,Central,Cairo,standard
V0744,744,55+,Female,West,Los Angeles,premium
V0745,745,35-44,Female,Central,Istanbul,basic
V0746,746,35-44,Non-binary,North,Oslo,basic
V0747,747,18-24,Female,East,Singapore,standard
V0748,748,25-34,Male,Central,Dubai,basic
V0749,749,35-44,Non-binary,South,Chennai,basic
V0750,750,55+,Female,South,Bangalore,basic
V0751,751,25-34,Non-binary,South,Bangalore,premium
V0752,752,55+,Male,East,Singapore,premium
V0753,753,55+,Non-binary,East,Tokyo,premium
V0754,754,45-54,Non-binary,South,Bangalore,basic
V0755,755,18-24,Male,West,New York,basic
V0756,756,25-34,Male,Central,Cairo,standard
V0757,757,35-44,Non-binary,North,Oslo,basic
V0758,758,25-34,Female,East,Tokyo,basic
V0759,759,55+,Non-binary,South,Mumbai,basic
V0760,760,35-44,Male,Central,Istanbul,premium
V0761,761,55+,Male,West,Los Angeles,standard
V0762,762,25-34,Male,East,Singapore,standard
V0763,763,35-44,Male,West,Chicago,premium
V0764,764,35-44,Male,Central,Cairo,premium
V0765,765,45-54,Female,South,Chennai,premium
V0766,766,25-34,Male,East,Singapore,basic
V0767,767,45-54,Non-binary,Central,Dubai,basic
V0768,768,35-44,Non-binary,Central,Dubai,premium
V0769,769,18-24,Female,Central,Dubai,standard
V0770,770,25-34,Female,North,Stockholm,basic
V0771,771,35-44,Female,North,Oslo,standard
V0772,772,25-34,Non-binary,South,Mumbai,standard
V0773,773,18-24,Non-binary,East,Tokyo,basic
V0774,774,45-54,Non-binary,West,Los Angeles,basic
V0775,775,45-54,Female,West,Los Angeles,premium
V0776,776,18-24,Female,West,Chicago,premium
V0777,777,25-34,Female,South,Mumbai,basic
V0778,778,18-24,Female,East,Seoul,basic
V0779,779,35-44,Male,North,Stockholm,basic
V0780,780,55+,Male,North,Stockholm,premium
V0781,781,45-54,Non-binary,Central,Dubai,standard
V0782,782,55+,Female,South,Mumbai,basic
V0783,783,35-44,Male,North,Oslo,standard
V0784,784,55+,Female,Central,Cairo,standard
V0785,785,25-34,Male,East,Tokyo,standard
V0786,786,55+,Female,Central,Dubai,basic
V0787,787,18-24,Female,East,Tokyo,standard
V0788,788,45-54,Male,Central,Dubai,basic
V0789,789,25-34,Non-binary,South,Bangalore,basic
V0790,790,18-24,Female,West,Los Angeles,standard
V0791,791,35-44,Male,West,Chicago,premium
V0792,792,25-34,Female,West,Los Angeles,standard
V0793,793,45-54,Male,South,Bangalore,standard
V0794,794,35-44,Male,West,Los Angeles,premium
V0795,795,25-34,Non-binary,North,Helsinki,basic
V0796,796,35-44,Non-binary,North,Stockholm,premium
V0797,797,55+,Male,South,Bangalore,premium
V0798,798,55+,Non-binary,West,Los Angeles,premium
V0799,799,45-54,Female,South,Mumbai,standard
V0800,800,55+,Non-binary,North,Helsinki,premium
V0801,801,25-34,Male,Central,Istanbul,basic
V0802,802,25-34,Male,South,Mumbai,basic
V0803,803,18-24,Non-binary,West,Los Angeles,basic
V0804,804,55+,Female,South,Bangalore,premium
V0805,805,18-24,Female,North,Helsinki,standard
V0806,806,35-44,Female,Central,Cairo,standard
V0807,807,55+,Non-binary,North,Helsinki,standard
V0808,808,45-54,Male,North,Oslo,premium
V0809,809,55+,Male,Central,Dubai,premium
V0810,810,35-44,Non-binary,North,Stockholm,standard
V0811,811,45-54,Non-binary,East,Seoul,premium
V0812,812,45-54,Male,Central,Dubai,standard
V0813,813,25-34,Non-binary,West,Chicago,premium
V0814,814,18-24,Female,West,Los Angeles,premium
V0815,815,18-24,Non-binary,South,Bangalore,standard
V0816,816,18-24,Female,East,Seoul,standard
V0817,817,45-54,Non-binary,East,Singapore,basic
V0818,818,25-34,Female,South,Chennai,standard
V0819,819,35-44,Non-binary,East,Seoul,premium
V0820,820,25-34,Female,North,Oslo,standard
V0821,821,55+,Female,West,New York,premium
V0822,822,18-24,Female,South,Chennai,premium
V0823,823,25-34,Non-binary,West,Chicago,basic
V0824,824,25-34,Male,South,Mumbai,basic
V0825,825,45-54,Male,North,Stockholm,premium
V0826,826,35-44,Female,South,Bangalore,premium
V0827,827,18-24,Non-binary,West,New York,basic
V0828,828,45-54,Non-binary,East,Seoul,basic
V0829,829,55+,Non-binary,West,Los Angeles,standard
V0830,830,35-44,Non-binary,South,Chennai,basic
V0831,831,18-24,Female,East,Tokyo,basic
V0832,832,25-34,Male,Central,Cairo,basic
V0833,833,35-44,Non-binary,South,Bangalore,premium
V0834,834,18-24,Female,North,Oslo,premium
V0835,835,55+,Male,South,Mumbai,standard
V0836,836,35-44,Non-binary,Central,Cairo,premium
V0837,837,45-54,Female,East,Seoul,standard
V0838,838,25-34,Female,East,Seoul,premium
V0839,839,55+,Female,Central,Cairo,basic
V0840,840,55+,Non-binary,North,Stockholm,premium
V0841,841,55+,Female,Central,Istanbul,premium
V0842,842,45-54,Male,North,Stockholm,standard
V0843,843,35-44,Female,East,Singapore,premium
V0844,844,25-34,Male,East,Singapore,basic
V0845,845,55+,Female,North,Helsinki,standard
V0846,846,18-24,Non-binary,South,Bangalore,standard
V0847,847,45-54,Female,East,Seoul,premium
V0848,848,55+,Non-binary,North,Helsinki,basic
V0849,849,25-34,Non-binary,East,Singapore,premium
V0850,850,35-44,Non-binary,West,Los Angeles,basic
V0851,851,25-34,Female,Central,Dubai,standard
V0852,852,35-44,Non-binary,South,Chennai,basic
V0853,853,18-24,Male,East,Seoul,basic
V0854,854,45-54,Female,East,Seoul,standard
V0855,855,35-44,Female,Central,Dubai,standard
V0856,856,55+,Non-binary,North,Helsinki,basic
V0857,857,25-34,Non-binary,West,New York,premium
V0858,858,55+,Female,West,Los Angeles,basic
V0859,859,25-34,Male,South,Bangalore,standard
V0860,860,45-54,Male,Central,Istanbul,premium
V0861,861,18-24,Female,South,Bangalore,premium
V0862,862,35-44,Non-binary,South,Mumbai,basic
V0863,863,35-44,Male,West,New York,premium
V0864,864,45-54,Male,South,Mumbai,premium
V0865,865,45-54,Female,West,Los Angeles,standard
V0866,866,18-24,Male,West,Chicago,basic
V0867,867,18-24,Female,East,Singapore,basic
V0868,868,18-24,Non-binary,North,Helsinki,basic
V0869,869,35-44,Female,South,Mumbai,basic
V0870,870,55+,Non-binary,West,Los Angeles,basic
V0871,871,18-24,Female,North,Stockholm,standard
V0872,872,55+,Non-binary,Central,Istanbul,standard
V0873,873,35-44,Female,South,Bangalore,basic
V0874,874,45-54,Male,South,Mumbai,basic
V0875,875,25-34,Non-binary,South,Mumbai,premium
V0876,876,25-34,Male,Central,Istanbul,premium
V0877,877,45-54,Non-binary,North,Stockholm,premium
V0878,878,18-24,Non-binary,Central,Dubai,premium
V0879,879,18-24,Male,North,Helsinki,basic
V0880,880,45-54,Female,West,New York,premium
V0881,881,45-54,Non-binary,East,Tokyo,basic
V0882,882,35-44,Female,North,Helsinki,basic
V0883,883,35-44,Non-binary,Central,Cairo,premium
V0884,884,45-54,Male,South,Chennai,premium
V0885,885,18-24,Female,Central,Dubai,basic
V0886,886,25-34,Non-binary,West,New York,standard
V0887,887,25-34,Female,Central,Cairo,standard
V0888,888,25-34,Male,East,Singapore,standard
V0889,889,45-54,Female,South,Mumbai,basic
V0890,890,18-24,Male,North,Helsinki,premium
V0891,891,25-34,Male,West,Chicago,basic
V0892,892,35-44,Non-binary,North,Oslo,standard
V0893,893,35-44,Female,East,Tokyo,basic
V0894,894,18-24,Female,South,Bangalore,premium
V0895,895,45-54,Non-binary,East,Tokyo,basic
V0896,896,18-24,Male,North,Helsinki,premium
V0897,897,35-44,Female,South,Bangalore,premium
V0898,898,18-24,Female,East,Seoul,basic
V0899,899,45-54,Female,North,Stockholm,standard
V0900,900,45-54,Female,West,Chicago,basic
V0901,901,25-34,Non-binary,North,Helsinki,basic
V0902,902,18-24,Female,South,Chennai,standard
V0903,903,45-54,Male,Central,Cairo,standard
V0904,904,55+,Male,East,Singapore,premium
V0905,905,45-54,Female,South,Mumbai,standard
V0906,906,18-24,Male,West,Los Angeles,premium
V0907,907,18-24,Non-binary,East,Singapore,premium
V0908,908,55+,Male,Central,Cairo,standard
V0909,909,55+,Non-binary,Central,Cairo,premium
V0910,910,45-54,Non-binary,North,Helsinki,basic
V0911,911,35-44,Non-binary,West,Chicago,premium
V0912,912,25-34,Non-binary,West,Chicago,basic
V0913,913,25-34,Non-binary,North,Stockholm,standard
V0914,914,18-24,Female,South,Bangalore,basic
V0915,915,35-44,Male,East,Singapore,basic
V0916,916,45-54,Female,Central,Dubai,basic
V0917,917,45-54,Non-binary,West,Los Angeles,basic
V0918,918,45-54,Female,West,New York,standard
V0919,919,18-24,Female,North,Stockholm,basic
V0920,920,55+,Male,Central,Dubai,premium
V0921,921,35-44,Non-binary,Central,Cairo,basic
V0922,922,35-44,Female,West,New York,basic
V0923,923,35-44,Non-binary,West,Chicago,premium
V0924,924,35-44,Non-binary,West,Los Angeles,basic
V0925,925,25-34,Male,North,Stockholm,standard
V0926,926,55+,Non-binary,East,Seoul,premium
V0927,927,18-24,Male,North,Stockholm,basic
V0928,928,18-24,Female,West,Chicago,basic
V0929,929,18-24,Female,South,Mumbai,standard
V0930,930,35-44,Male,South,Bangalore,basic
V0931,931,18-24,Female,Central,Istanbul,premium
V0932,932,55+,Male,Central,Istanbul,basic
V0933,933,18-24,Non-binary,Central,Istanbul,premium
V0934,934,55+,Male,West,Chicago,premium
V0935,935,25-34,Male,South,Bangalore,premium
V0936,936,55+,Female,Central,Cairo,standard
V0937,937,55+,Non-binary,West,New York,standard
V0938,938,35-44,Female,West,Los Angeles,basic
V0939,939,45-54,Non-binary,South,Chennai,premium
V0940,940,35-44,Non-binary,Central,Cairo,standard
V0941,941,25-34,Male,Central,Dubai,premium
V0942,942,35-44,Non-binary,East,Tokyo,premium
V0943,943,55+,Non-binary,South,Chennai,premium
V0944,944,18-24,Female,East,Singapore,standard
V0945,945,55+,Non-binary,Central,Cairo,standard
V0946,946,35-44,Female,Central,Dubai,premium
V0947,947,18-24,Female,North,Oslo,basic
V0948,948,25-34,Female,North,Oslo,standard
V0949,949,25-34,Male,East,Singapore,standard
V0950,950,55+,Male,South,Bangalore,standard
V0951,951,55+,Non-binary,North,Helsinki,premium
V0952,952,55+,Female,South,Mumbai,premium
V0953,953,18-24,Female,East,Seoul,standard
V0954,954,55+,Male,East,Tokyo,premium
V0955,955,25-34,Non-binary,East,Seoul,basic
V0956,956,55+,Non-binary,East,Singapore,premium
V0957,957,25-34,Female,South,Bangalore,basic
V0958,958,25-34,Male,North,Helsinki,premium
V0959,959,45-54,Male,North,Stockholm,standard
V0960,960,35-44,Male,Central,Dubai,premium
V0961,961,18-24,Female,East,Seoul,premium
V0962,962,18-24,Male,South,Bangalore,premium
V0963,963,55+,Non-binary,North,Stockholm,standard
V0964,964,55+,Female,Central,Dubai,premium
V0965,965,55+,Male,East,Tokyo,premium
V0966,966,55+,Male,North,Stockholm,premium
V0967,967,45-54,Male,Central,Istanbul,basic
V0968,968,35-44,Female,South,Bangalore,standard
V0969,969,55+,Non-binary,South,Bangalore,premium
V0970,970,18-24,Non-binary,North,Stockholm,standard
V0971,971,55+,Non-binary,South,Mumbai,basic
V0972,972,45-54,Male,East,Seoul,standard
V0973,973,35-44,Male,Central,Cairo,standard
V0974,974,55+,Female,Central,Istanbul,basic
V0975,975,25-34,Female,East,Singapore,basic
V0976,976,25-34,Non-binary,North,Helsinki,basic
V0977,977,25-34,Non-binary,North,Helsinki,basic
V0978,978,18-24,Male,West,Chicago,premium
V0979,979,18-24,Non-binary,West,Chicago,basic
V0980,980,45-54,Non-binary,North,Stockholm,basic
V0981,981,18-24,Male,North,Oslo,standard
V0982,982,18-24,Non-binary,Central,Dubai,standard
V0983,983,45-54,Female,West,Chicago,standard
V0984,984,35-44,Male,West,Los Angeles,premium
V0985,985,55+,Male,North,Helsinki,premium
V0986,986,18-24,Non-binary,Central,Cairo,basic
V0987,987,35-44,Non-binary,North,Oslo,standard
V0988,988,55+,Male,East,Seoul,standard
V0989,989,45-54,Non-binary,West,New York,standard
V0990,990,55+,Male,South,Mumbai,premium
V0991,991,55+,Female,West,Chicago,basic
V0992,992,35-44,Male,East,Singapore,premium
V0993,993,18-24,Male,South,Mumbai,premium
V0994,994,45-54,Non-binary,Central,Cairo,basic
V0995,995,25-34,Non-binary,East,Singapore,premium
V0996,996,25-34,Female,East,Singapore,premium
V0997,997,25-34,Male,South,Mumbai,premium
V0998,998,25-34,Male,East,Tokyo,premium
V0999,999,18-24,Non-binary,Central,Istanbul,premium
V1000,1000,18-24,Female,Central,Cairo,basic
V1001,1001,18-24,Male,East,Singapore,premium
V1002,1002,35-44,Female,West,New York,premium
V1003,1003,18-24,Female,South,Chennai,basic
V1004,1004,35-44,Female,South,Bangalore,standard
V1005,1005,35-44,Non-binary,Central,Cairo,basic
V1006,1006,55+,Female,Central,Istanbul,standard
V1007,1007,18-24,Female,South,Mumbai,basic
V1008,1008,35-44,Female,West,New York,premium
V1009,1009,45-54,Female,East,Seoul,standard
V1010,1010,45-54,Non-binary,East,Tokyo,basic
V1011,1011,18-24,Female,Central,Dubai,premium
V1012,1012,35-44,Non-binary,South,Chennai,basic
V1013,1013,18-24,Non-binary,North,Helsinki,basic
V1014,1014,55+,Female,Central,Cairo,basic
V1015,1015,55+,Female,North,Helsinki,premium
V1016,1016,25-34,Female,West,Los Angeles,basic
V1017,1017,35-44,Male,Central,Istanbul,premium
V1018,1018,18-24,Female,Central,Istanbul,premium
V1019,1019,25-34,Non-binary,North,Helsinki,basic
V1020,1020,25-34,Female,Central,Dubai,basic
V1021,1021,55+,Non-binary,Central,Dubai,premium
V1022,1022,35-44,Male,West,New York,standard
V1023,1023,18-24,Female,South,Bangalore,basic
V1024,1024,25-34,Non-binary,North,Stockholm,standard
V1025,1025,45-54,Male,West,New York,premium
V1026,1026,18-24,Non-binary,East,Singapore,premium
V1027,1027,35-44,Non-binary,East,Singapore,premium
V1028,1028,45-54,Non-binary,South,Bangalore,standard
V1029,1029,18-24,Non-binary,Central,Istanbul,standard
V1030,1030,55+,Female,South,Bangalore,standard
V1031,1031,45-54,Non-binary,West,New York,premium
V1032,1032,45-54,Male,South,Mumbai,basic
V1033,1033,35-44,Male,Central,Dubai,basic
V1034,1034,35-44,Non-binary,South,Chennai,basic
V1035,1035,45-54,Female,South,Chennai,basic
V1036,1036,45-54,Female,West,New York,premium
V1037,1037,45-54,Male,South,Mumbai,basic
V1038,1038,55+,Non-binary,South,Mumbai,basic
V1039,1039,18-24,Non-binary,Central,Dubai,basic
V1040,1040,35-44,Male,South,Chennai,standard
V1041,1041,55+,Non-binary,Central,Dubai,premium
V1042,1042,18-24,Male,East,Seoul,premium
V1043,1043,45-54,Male,West,New York,standard
V1044,1044,25-34,Non-binary,Central,Dubai,premium
V1045,1045,35-44,Male,Central,Cairo,premium
V1046,1046,45-54,Non-binary,East,Singapore,basic
V1047,1047,45-54,Female,South,Mumbai,basic
V1048,1048,25-34,Non-binary,North,Helsinki,premium
V1049,1049,25-34,Non-binary,West,New York,basic
V1050,1050,55+,Non-binary,West,New York,premium
V1051,1051,18-24,Male,Central,Istanbul,premium
V1052,1052,55+,Non-binary,South,Mumbai,premium
V1053,1053,55+,Female,West,Los Angeles,basic
V1054,1054,45-54,Male,Central,Istanbul,standard
V1055,1055,55+,Non-binary,East,Singapore,premium
V1056,1056,45-54,Male,North,Stockholm,standard
V1057,1057,18-24,Female,South,Chennai,premium
V1058,1058,35-44,Male,West,New York,premium
V1059,1059,55+,Non-binary,North,Oslo,premium
V1060,1060,45-54,Non-binary,North,Oslo,premium
V1061,1061,45-54,Female,East,Tokyo,basic
V1062,1062,55+,Female,West,Los Angeles,premium
V1063,1063,55+,Female,West,Chicago,standard
V1064,1064,25-34,Female,West,Chicago,premium
V1065,1065,25-34,Female,West,Chicago,premium
V1066,1066,35-44,Female,West,Chicago,standard
V1067,1067,25-34,Non-binary,West,New York,premium
V1068,1068,45-54,Non-binary,South,Mumbai,basic
V1069,1069,55+,Female,South,Bangalore,premium
V1070,1070,18-24,Male,Central,Istanbul,premium
V1071,1071,18-24,Male,North,Stockholm,premium
V1072,1072,18-24,Male,West,Los Angeles,basic
V1073,1073,18-24,Non-binary,East,Tokyo,premium
V1074,1074,45-54,Non-binary,West,Chicago,premium
V1075,1075,55+,Male,East,Tokyo,premium
V1076,1076,45-54,Male,West,New York,premium
V1077,1077,35-44,Male,Central,Dubai,premium
V1078,1078,55+,Non-binary,Central,Dubai,premium
V1079,1079,18-24,Female,South,Mumbai,premium
V1080,1080,25-34,Male,North,Stockholm,standard
V1081,1081,45-54,Female,East,Singapore,basic
V1082,1082,18-24,Non-binary,Central,Cairo,basic
V1083,1083,55+,Female,North,Helsinki,premium
V1084,1084,35-44,Female,Central,Istanbul,basic
V1085,1085,25-34,Female,Central,Istanbul,premium
V1086,1086,35-44,Male,North,Stockholm,premium
V1087,1087,55+,Male,North,Helsinki,standard
V1088,1088,18-24,Non-binary,East,Seoul,premium
V1089,1089,35-44,Non-binary,Central,Istanbul,standard
V1090,1090,45-54,Male,Central,Istanbul,standard
V1091,1091,55+,Male,West,Los Angeles,basic
V1092,1092,18-24,Female,East,Singapore,basic
V1093,1093,35-44,Female,South,Bangalore,premium
V1094,1094,18-24,Non-binary,Central,Istanbul,basic
V1095,1095,18-24,Female,East,Singapore,premium
V1096,1096,18-24,Non-binary,East,Tokyo,standard
V1097,1097,35-44,Male,East,Singapore,standard
V1098,1098,25-34,Female,South,Chennai,basic
V1099,1099,25-34,Female,South,Mumbai,basic
V1100,1100,25-34,Non-binary,South,Bangalore,basic
V1101,1101,18-24,Male,North,Helsinki,premium
V1102,1102,55+,Male,West,Chicago,basic
V1103,1103,35-44,Non-binary,West,Los Angeles,standard
V1104,1104,35-44,Female,Central,Dubai,premium
V1105,1105,45-54,Male,East,Singapore,basic
V1106,1106,55+,Female,North,Stockholm,premium
V1107,1107,55+,Female,North,Stockholm,premium
V1108,1108,45-54,Male,South,Chennai,premium
V1109,1109,35-44,Non-binary,West,New York,basic
V1110,1110,45-54,Non-binary,South,Mumbai,standard
V1111,1111,55+,Female,East,Tokyo,premium
V1112,1112,25-34,Female,East,Seoul,premium
V1113,1113,35-44,Male,East,Seoul,standard
V1114,1114,45-54,Non-binary,South,Bangalore,standard
V1115,1115,35-44,Female,West,New York,premium
V1116,1116,55+,Non-binary,South,Mumbai,basic
V1117,1117,25-34,Non-binary,East,Seoul,standard
V1118,1118,25-34,Non-binary,South,Mumbai,standard
V1119,1119,25-34,Female,North,Stockholm,basic
V1120,1120,55+,Non-binary,Central,Istanbul,standard
V1121,1121,35-44,Non-binary,East,Singapore,basic
V1122,1122,18-24,Non-binary,West,New York,basic
V1123,1123,35-44,Female,South,Chennai,basic
V1124,1124,35-44,Female,West,Los Angeles,standard
V1125,1125,55+,Female,Central,Istanbul,basic
V1126,1126,18-24,Female,West,Chicago,premium
V1127,1127,55+,Non-binary,South,Chennai,premium
V1128,1128,25-34,Female,Central,Istanbul,standard
V1129,1129,45-54,Non-binary,Central,Istanbul,basic
V1130,1130,55+,Female,West,Los Angeles,premium
V1131,1131,25-34,Non-binary,South,Bangalore,standard
V1132,1132,55+,Female,Central,Dubai,basic
V1133,1133,35-44,Male,South,Bangalore,standard
V1134,1134,35-44,Non-binary,East,Singapore,standard
V1135,1135,45-54,Female,East,Singapore,premium
V1136,1136,45-54,Female,Central,Dubai,basic
V1137,1137,25-34,Non-binary,North,Oslo,premium
V1138,1138,18-24,Male,East,Tokyo,standard
V1139,1139,18-24,Male,North,Stockholm,premium
V1140,1140,18-24,Female,North,Helsinki,basic
V1141,1141,35-44,Non-binary,North,Oslo,basic
V1142,1142,35-44,Male,West,New York,premium
V1143,1143,45-54,Non-binary,East,Tokyo,basic
V1144,1144,25-34,Male,Central,Dubai,premium
V1145,1145,35-44,Female,East,Seoul,premium
V1146,1146,55+,Female,East,Tokyo,premium
V1147,1147,25-34,Non-binary,Central,Cairo,standard
V1148,1148,45-54,Non-binary,Central,Cairo,premium
V1149,1149,35-44,Female,Central,Istanbul,premium
V1150,1150,18-24,Female,South,Bangalore,standard
V1151,1151,35-44,Male,West,Los Angeles,basic
V1152,1152,55+,Male,North,Stockholm,standard
V1153,1153,55+,Male,West,Chicago,standard
V1154,1154,35-44,Male,West,Los Angeles,standard
V1155,1155,25-34,Male,Central,Cairo,standard
V1156,1156,45-54,Non-binary,South,Bangalore,standard
V1157,1157,25-34,Non-binary,South,Chennai,premium
V1158,1158,45-54,Male,West,Los Angeles,basic
V1159,1159,25-34,Non-binary,West,Chicago,premium
V1160,1160,35-44,Non-binary,East,Singapore,premium
V1161,1161,45-54,Male,East,Tokyo,basic
V1162,1162,35-44,Male,South,Chennai,standard
V1163,1163,45-54,Female,Central,Cairo,premium
V1164,1164,25-34,Female,West,New York,basic
V1165,1165,55+,Male,North,Oslo,basic
V1166,1166,35-44,Male,East,Singapore,standard
V1167,1167,25-34,Male,North,Oslo,basic
V1168,1168,25-34,Female,West,Los Angeles,standard
V1169,1169,35-44,Female,West,Chicago,basic
V1170,1170,18-24,Male,East,Tokyo,standard
V1171,1171,18-24,Non-binary,West,Los Angeles,basic
V1172,1172,35-44,Female,South,Mumbai,basic
V1173,1173,45-54,Female,South,Mumbai,premium
V1174,1174,25-34,Female,North,Helsinki,basic
V1175,1175,25-34,Female,Central,Istanbul,premium
V1176,1176,35-44,Male,East,Singapore,premium
V1177,1177,55+,Non-binary,North,Oslo,standard
V1178,1178,35-44,Male,West,Los Angeles,basic
V1179,1179,18-24,Male,South,Chennai,standard
V1180,1180,18-24,Male,East,Seoul,premium
V1181,1181,45-54,Male,North,Oslo,basic
V1182,1182,45-54,Non-binary,Central,Cairo,basic
V1183,1183,18-24,Male,East,Tokyo,standard
V1184,1184,55+,Female,North,Helsinki,basic
V1185,1185,35-44,Non-binary,North,Oslo,premium
V1186,1186,18-24,Male,Central,Istanbul,basic
V1187,1187,55+,Non-binary,East,Seoul,standard
V1188,1188,18-24,Non-binary,South,Bangalore,standard
V1189,1189,35-44,Male,South,Bangalore,premium
V1190,1190,55+,Female,West,Chicago,premium
V1191,1191,25-34,Non-binary,West,New York,premium
V1192,1192,35-44,Non-binary,East,Seoul,standard
V1193,1193,55+,Male,Central,Dubai,premium
V1194,1194,45-54,Female,South,Bangalore,premium
V1195,1195,45-54,Male,East,Singapore,premium
V1196,1196,25-34,Male,West,Chicago,standard
V1197,1197,25-34,Female,Central,Cairo,basic
V1198,1198,45-54,Male,Central,Cairo,premium
V1199,1199,55+,Male,West,Chicago,standard
V1200,1200,45-54,Non-binary,East,Seoul,basic
V1201,1201,55+,Non-binary,North,Oslo,basic
V1202,1202,25-34,Male,South,Mumbai,basic
V1203,1203,25-34,Male,West,New York,premium
V1204,1204,45-54,Non-binary,West,Chicago,premium
V1205,1205,35-44,Male,Central,Istanbul,basic
V1206,1206,18-24,Male,Central,Dubai,premium
V1207,1207,18-24,Female,West,Chicago,basic
V1208,1208,55+,Non-binary,East,Seoul,standard
V1209,1209,55+,Female,North,Helsinki,basic
V1210,1210,35-44,Male,North,Oslo,premium
V1211,1211,18-24,Non-binary,North,Oslo,premium
V1212,1212,25-34,Male,West,Chicago,premium
V1213,1213,55+,Non-binary,South,Mumbai,premium
V1214,1214,45-54,Non-binary,Central,Dubai,premium
V1215,1215,35-44,Non-binary,Central,Istanbul,premium
V1216,1216,18-24,Male,West,New York,premium
V1217,1217,55+,Female,West,Chicago,basic
V1218,1218,55+,Female,Central,Istanbul,standard
V1219,1219,35-44,Female,Central,Istanbul,premium
V1220,1220,35-44,Non-binary,West,New York,premium
V1221,1221,25-34,Female,Central,Cairo,premium
V1222,1222,35-44,Female,East,Seoul,standard
V1223,1223,18-24,Female,North,Helsinki,basic
V1224,1224,25-34,Female,Central,Dubai,standard
V1225,1225,25-34,Female,South,Mumbai,premium
V1226,1226,55+,Non-binary,East,Singapore,premium
V1227,1227,25-34,Male,Central,Dubai,standard
V1228,1228,25-34,Male,East,Seoul,standard
V1229,1229,25-34,Male,Central,Istanbul,standard
V1230,1230,55+,Female,North,Helsinki,basic
V1231,1231,35-44,Female,North,Oslo,standard
V1232,1232,18-24,Non-binary,Central,Cairo,standard
V1233,1233,55+,Female,North,Oslo,basic
V1234,1234,35-44,Female,East,Seoul,basic
V1235,1235,55+,Male,South,Chennai,premium
V1236,1236,18-24,Female,West,Chicago,basic
V1237,1237,55+,Non-binary,East,Tokyo,standard
V1238,1238,25-34,Male,Central,Dubai,premium
V1239,1239,45-54,Non-binary,West,Chicago,premium
V1240,1240,25-34,Female,North,Stockholm,standard
V1241,1241,25-34,Female,South,Mumbai,standard
V1242,1242,18-24,Non-binary,Central,Istanbul,standard
V1243,1243,45-54,Non-binary,North,Stockholm,premium
V1244,1244,25-34,Female,South,Chennai,basic
V1245,1245,45-54,Non-binary,West,Chicago,basic
V1246,1246,55+,Non-binary,Central,Cairo,basic
V1247,1247,18-24,Female,South,Bangalore,standard
V1248,1248,18-24,Male,Central,Cairo,standard
V1249,1249,35-44,Female,West,New York,standard
V1250,1250,55+,Non-binary,East,Tokyo,standard
V1251,1251,35-44,Non-binary,South,Bangalore,premium
V1252,1252,45-54,Male,South,Mumbai,basic
V1253,1253,25-34,Non-binary,East,Tokyo,basic
V1254,1254,25-34,Non-binary,North,Oslo,standard
V1255,1255,35-44,Non-binary,North,Oslo,standard
V1256,1256,45-54,Male,West,Los Angeles,basic
V1257,1257,25-34,Male,Central,Cairo,premium
V1258,1258,55+,Female,East,Singapore,premium
V1259,1259,18-24,Female,South,Chennai,premium
V1260,1260,18-24,Female,Central,Dubai,basic
V1261,1261,25-34,Non-binary,East,Singapore,standard
V1262,1262,45-54,Non-binary,North,Oslo,basic
V1263,1263,35-44,Non-binary,West,Chicago,standard
V1264,1264,18-24,Female,North,Helsinki,standard
V1265,1265,45-54,Non-binary,South,Chennai,basic
V1266,1266,45-54,Non-binary,East,Singapore,basic
V1267,1267,25-34,Non-binary,South,Bangalore,premium
V1268,1268,18-24,Male,North,Helsinki,standard
V1269,1269,45-54,Female,East,Singapore,basic
V1270,1270,35-44,Non-binary,North,Stockholm,standard
V1271,1271,25-34,Non-binary,East,Seoul,basic
V1272,1272,45-54,Male,East,Singapore,standard
V1273,1273,25-34,Female,South,Bangalore,premium
V1274,1274,18-24,Non-binary,South,Bangalore,premium
V1275,1275,25-34,Female,Central,Dubai,premium
V1276,1276,45-54,Female,South,Chennai,standard
V1277,1277,55+,Male,West,New York,premium
V1278,1278,55+,Non-binary,South,Chennai,basic
V1279,1279,35-44,Non-binary,South,Chennai,premium
V1280,1280,45-54,Male,South,Chennai,premium
V1281,1281,35-44,Male,South,Chennai,premium
V1282,1282,25-34,Female,North,Oslo,premium
V1283,1283,35-44,Female,North,Stockholm,standard
V1284,1284,35-44,Male,West,New York,basic
V1285,1285,25-34,Male,South,Chennai,premium
V1286,1286,55+,Non-binary,East,Singapore,basic
V1287,1287,25-34,Male,Central,Cairo,basic
V1288,1288,18-24,Non-binary,East,Seoul,basic
V1289,1289,55+,Female,Central,Cairo,premium
V1290,1290,25-34,Female,East,Seoul,standard
V1291,1291,25-34,Male,South,Mumbai,basic
V1292,1292,18-24,Female,West,Los Angeles,basic
V1293,1293,25-34,Male,South,Mumbai,standard
V1294,1294,45-54,Non-binary,Central,Istanbul,standard
V1295,1295,45-54,Female,South,Mumbai,premium
V1296,1296,35-44,Female,West,Chicago,premium
V1297,1297,55+,Non-binary,Central,Cairo,premium
V1298,1298,55+,Male,North,Stockholm,standard
V1299,1299,25-34,Non-binary,North,Helsinki,standard
V1300,1300,55+,Female,North,Helsinki,premium
V1301,1301,25-34,Female,North,Stockholm,standard
V1302,1302,35-44,Female,East,Tokyo,standard
V1303,1303,55+,Male,East,Singapore,premium
V1304,1304,45-54,Non-binary,South,Bangalore,basic
V1305,1305,18-24,Male,Central,Cairo,premium
V1306,1306,25-34,Female,Central,Istanbul,standard
V1307,1307,18-24,Male,West,Los Angeles,premium
V1308,1308,45-54,Male,South,Bangalore,standard
V1309,1309,18-24,Male,South,Mumbai,premium
V1310,1310,35-44,Male,West,Chicago,premium
V1311,1311,55+,Non-binary,West,New York,standard
V1312,1312,45-54,Male,Central,Dubai,standard
V1313,1313,25-34,Male,Central,Dubai,basic
V1314,1314,45-54,Female,North,Stockholm,premium
V1315,1315,35-44,Non-binary,West,New York,basic
V1316,1316,25-34,Male,South,Chennai,standard
V1317,1317,45-54,Female,North,Stockholm,premium
V1318,1318,55+,Female,North,Oslo,basic
V1319,1319,45-54,Female,Central,Istanbul,standard
V1320,1320,55+,Non-binary,North,Oslo,basic
V1321,1321,35-44,Non-binary,Central,Cairo,premium
V1322,1322,18-24,Male,South,Mumbai,basic
V1323,1323,18-24,Male,East,Tokyo,premium
V1324,1324,55+,Female,Central,Istanbul,basic
V1325,1325,18-24,Female,North,Oslo,basic
V1326,1326,55+,Non-binary,East,Singapore,premium
V1327,1327,55+,Non-binary,Central,Dubai,standard
V1328,1328,35-44,Male,Central,Dubai,standard
V1329,1329,35-44,Female,East,Tokyo,standard
V1330,1330,18-24,Female,Central,Istanbul,basic
V1331,1331,35-44,Female,North,Helsinki,standard
V1332,1332,25-34,Non-binary,Central,Dubai,premium
V1333,1333,18-24,Non-binary,North,Helsinki,premium
V1334,1334,18-24,Female,Central,Cairo,premium
V1335,1335,35-44,Female,Central,Cairo,standard
V1336,1336,55+,Non-binary,East,Singapore,standard
V1337,1337,55+,Non-binary,South,Bangalore,premium
V1338,1338,45-54,Male,West,Chicago,basic
V1339,1339,25-34,Male,East,Tokyo,basic
V1340,1340,18-24,Non-binary,West,New York,premium
V1341,1341,45-54,Male,West,Los Angeles,standard
V1342,1342,25-34,Male,Central,Cairo,basic
V1343,1343,35-44,Male,East,Seoul,standard
V1344,1344,55+,Female,Central,Dubai,basic
V1345,1345,35-44,Female,East,Singapore,premium
V1346,1346,18-24,Male,Central,Dubai,standard
V1347,1347,45-54,Female,East,Tokyo,premium
V1348,1348,45-54,Male,South,Chennai,standard
V1349,1349,35-44,Female,Central,Istanbul,premium
V1350,1350,55+,Female,North,Helsinki,premium
V1351,1351,55+,Non-binary,East,Tokyo,basic
V1352,1352,35-44,Female,Central,Dubai,basic
V1353,1353,18-24,Female,East,Seoul,premium
V1354,1354,25-34,Non-binary,Central,Cairo,standard
V1355,1355,55+,Male,South,Bangalore,premium
V1356,1356,18-24,Female,East,Seoul,basic
V1357,1357,25-34,Female,West,Los Angeles,standard
V1358,1358,55+,Female,South,Mumbai,basic
V1359,1359,18-24,Male,East,Tokyo,standard
V1360,1360,18-24,Female,Central,Cairo,basic
V1361,1361,35-44,Female,South,Chennai,premium
V1362,1362,35-44,Male,East,Tokyo,premium
V1363,1363,25-34,Non-binary,South,Mumbai,standard
V1364,1364,55+,Male,West,New York,standard
V1365,1365,55+,Male,North,Stockholm,standard
V1366,1366,18-24,Non-binary,North,Helsinki,premium
V1367,1367,18-24,Non-binary,East,Seoul,premium
V1368,1368,35-44,Male,South,Mumbai,standard
V1369,1369,55+,Female,East,Seoul,premium
V1370,1370,35-44,Male,North,Oslo,standard
V1371,1371,18-24,Non-binary,North,Helsinki,premium
V1372,1372,25-34,Non-binary,North,Stockholm,premium
V1373,1373,35-44,Male,East,Singapore,standard
V1374,1374,25-34,Male,Central,Dubai,standard
V1375,1375,35-44,Non-binary,Central,Istanbul,basic
V1376,1376,18-24,Female,South,Chennai,basic
V1377,1377,45-54,Male,North,Oslo,standard
V1378,1378,25-34,Non-binary,West,Chicago,premium
V1379,1379,55+,Female,West,Los Angeles,standard
V1380,1380,55+,Male,South,Bangalore,premium
V1381,1381,18-24,Non-binary,South,Bangalore,basic
V1382,1382,35-44,Non-binary,West,Chicago,premium
V1383,1383,45-54,Male,West,New York,basic
V1384,1384,35-44,Female,Central,Istanbul,basic
V1385,1385,35-44,Female,East,Seoul,basic
V1386,1386,45-54,Male,North,Stockholm,standard
V1387,1387,25-34,Female,West,Los Angeles,premium
V1388,1388,25-34,Non-binary,Central,Dubai,standard
V1389,1389,35-44,Non-binary,North,Helsinki,basic
V1390,1390,55+,Female,East,Seoul,premium
V1391,1391,25-34,Non-binary,West,New York,premium
V1392,1392,45-54,Female,South,Mumbai,standard
V1393,1393,55+,Female,South,Bangalore,premium
V1394,1394,55+,Non-binary,East,Tokyo,basic
V1395,1395,55+,Female,North,Oslo,premium
V1396,1396,45-54,Female,Central,Cairo,basic
V1397,1397,25-34,Female,West,Los Angeles,basic
V1398,1398,18-24,Non-binary,Central,Cairo,standard
V1399,1399,45-54,Non-binary,East,Singapore,basic
V1400,1400,25-34,Male,North,Helsinki,premium
V1401,1401,25-34,Non-binary,North,Oslo,standard
V1402,1402,35-44,Female,Central,Cairo,premium
V1403,1403,25-34,Male,West,Chicago,standard
V1404,1404,55+,Non-binary,East,Seoul,standard
V1405,1405,18-24,Non-binary,East,Tokyo,premium
V1406,1406,45-54,Male,Central,Istanbul,basic
V1407,1407,55+,Male,East,Tokyo,premium
V1408,1408,35-44,Male,Central,Istanbul,basic
V1409,1409,45-54,Non-binary,South,Chennai,standard
V1410,1410,45-54,Female,East,Seoul,standard
V1411,1411,25-34,Non-binary,Central,Dubai,standard
V1412,1412,25-34,Non-binary,South,Bangalore,standard
V1413,1413,25-34,Female,West,Chicago,basic
V1414,1414,18-24,Male,South,Chennai,basic
V1415,1415,45-54,Non-binary,South,Bangalore,basic
V1416,1416,25-34,Non-binary,North,Stockholm,standard
V1417,1417,45-54,Non-binary,Central,Dubai,standard
V1418,1418,45-54,Non-binary,Central,Istanbul,standard
V1419,1419,25-34,Male,East,Seoul,premium
V1420,1420,55+,Female,North,Helsinki,basic
V1421,1421,35-44,Female,Central,Cairo,premium
V1422,1422,18-24,Male,East,Singapore,standard
V1423,1423,18-24,Non-binary,East,Seoul,premium
V1424,1424,25-34,Non-binary,North,Helsinki,premium
V1425,1425,45-54,Non-binary,East,Tokyo,premium
V1426,1426,18-24,Male,Central,Istanbul,premium
V1427,1427,55+,Non-binary,North,Stockholm,premium
V1428,1428,35-44,Non-binary,North,Oslo,standard
V1429,1429,55+,Female,West,Chicago,premium
V1430,1430,45-54,Female,East,Seoul,standard
V1431,1431,18-24,Non-binary,South,Chennai,premium
V1432,1432,55+,Female,East,Tokyo,premium
V1433,1433,55+,Male,West,Chicago,basic
V1434,1434,55+,Male,East,Seoul,standard
V1435,1435,25-34,Non-binary,North,Oslo,standard
V1436,1436,25-34,Non-binary,East,Seoul,standard
V1437,1437,18-24,Non-binary,East,Tokyo,premium
V1438,1438,55+,Non-binary,South,Mumbai,premium
V1439,1439,35-44,Male,West,Los Angeles,premium
V1440,1440,45-54,Male,South,Chennai,basic
V1441,1441,18-24,Male,East,Singapore,basic
V1442,1442,45-54,Female,West,New York,premium
V1443,1443,25-34,Male,West,Chicago,premium
V1444,1444,18-24,Non-binary,East,Seoul,basic
V1445,1445,25-34,Female,North,Stockholm,standard
V1446,1446,45-54,Non-binary,East,Singapore,basic
V1447,1447,45-54,Female,West,Los Angeles,basic
V1448,1448,45-54,Male,Central,Istanbul,standard
V1449,1449,35-44,Non-binary,West,Chicago,basic
V1450,1450,55+,Non-binary,North,Stockholm,standard
V1451,1451,35-44,Female,Central,Istanbul,standard
V1452,1452,35-44,Non-binary,North,Helsinki,standard
V1453,1453,25-34,Non-binary,West,Chicago,premium
V1454,1454,55+,Female,South,Chennai,premium
V1455,1455,35-44,Non-binary,South,Mumbai,premium
V1456,1456,18-24,Male,North,Stockholm,basic
V1457,1457,18-24,Non-binary,Central,Istanbul,standard
V1458,1458,35-44,Female,South,Mumbai,basic
V1459,1459,55+,Male,North,Oslo,premium
V1460,1460,55+,Non-binary,South,Mumbai,premium
V1461,1461,18-24,Non-binary,North,Oslo,standard
V1462,1462,25-34,Male,Central,Cairo,basic
V1463,1463,35-44,Female,East,Singapore,basic
V1464,1464,35-44,Female,West,Chicago,premium
V1465,1465,35-44,Male,East,Tokyo,standard
V1466,1466,45-54,Female,North,Stockholm,basic
V1467,1467,35-44,Male,East,Seoul,basic
V1468,1468,25-34,Non-binary,West,Los Angeles,basic
V1469,1469,18-24,Male,West,Chicago,standard
V1470,1470,55+,Non-binary,South,Mumbai,standard
V1471,1471,18-24,Male,East,Tokyo,basic
V1472,1472,35-44,Female,Central,Dubai,standard
V1473,1473,18-24,Male,South,Chennai,standard
V1474,1474,25-34,Non-binary,East,Seoul,standard
V1475,1475,18-24,Non-binary,Central,Cairo,standard
V1476,1476,45-54,Female,West,Chicago,basic
V1477,1477,25-34,Male,Central,Istanbul,premium
V1478,1478,18-24,Non-binary,West,Chicago,standard
V1479,1479,35-44,Female,East,Tokyo,premium
V1480,1480,35-44,Non-binary,North,Stockholm,basic
V1481,1481,35-44,Non-binary,West,New York,basic
V1482,1482,18-24,Female,Central,Cairo,basic
V1483,1483,45-54,Male,East,Singapore,premium
V1484,1484,45-54,Male,East,Singapore,standard
V1485,1485,25-34,Male,South,Mumbai,basic
V1486,1486,25-34,Female,Central,Istanbul,basic
V1487,1487,35-44,Female,Central,Cairo,standard
V1488,1488,18-24,Female,North,Oslo,standard
V1489,1489,45-54,Male,North,Oslo,premium
V1490,1490,45-54,Non-binary,Central,Cairo,basic
V1491,1491,25-34,Male,Central,Dubai,premium
V1492,1492,45-54,Non-binary,South,Mumbai,standard
V1493,1493,18-24,Male,Central,Cairo,premium
V1494,1494,18-24,Male,South,Chennai,basic
V1495,1495,18-24,Female,East,Singapore,basic
V1496,1496,18-24,Male,Central,Dubai,standard
V1497,1497,55+,Male,Central,Dubai,basic
V1498,1498,35-44,Non-binary,West,Chicago,standard
V1499,1499,18-24,Non-binary,East,Singapore,premium
V1500,1500,35-44,Male,South,Mumbai,premium
V1501,1501,35-44,Male,South,Mumbai,standard
V1502,1502,45-54,Male,South,Chennai,standard
V1503,1503,25-34,Female,Central,Dubai,premium
V1504,1504,25-34,Male,North,Helsinki,premium
V1505,1505,25-34,Male,West,Los Angeles,basic
V1506,1506,18-24,Male,North,Oslo,premium
V1507,1507,35-44,Female,Central,Cairo,standard
V1508,1508,25-34,Male,South,Chennai,standard
V1509,1509,45-54,Female,Central,Dubai,basic
V1510,1510,18-24,Non-binary,Central,Dubai,premium
V1511,1511,55+,Male,West,Chicago,standard
V1512,1512,45-54,Male,East,Singapore,basic
V1513,1513,18-24,Non-binary,South,Mumbai,premium
V1514,1514,55+,Non-binary,East,Tokyo,standard
V1515,1515,35-44,Male,South,Mumbai,basic
V1516,1516,45-54,Female,South,Mumbai,basic
V1517,1517,18-24,Non-binary,North,Stockholm,standard
V1518,1518,45-54,Female,South,Bangalore,premium
V1519,1519,18-24,Male,West,Chicago,basic
V1520,1520,25-34,Male,Central,Dubai,standard
V1521,1521,18-24,Male,Central,Dubai,premium
V1522,1522,55+,Non-binary,West,Los Angeles,standard
V1523,1523,35-44,Male,South,Mumbai,standard
V1524,1524,18-24,Male,South,Chennai,standard
V1525,1525,45-54,Male,South,Mumbai,standard
V1526,1526,45-54,Male,Central,Istanbul,basic
V1527,1527,55+,Female,South,Mumbai,standard
V1528,1528,25-34,Female,East,Singapore,basic
V1529,1529,35-44,Male,East,Seoul,basic
V1530,1530,55+,Male,North,Stockholm,basic
V1531,1531,45-54,Female,North,Stockholm,basic
V1532,1532,25-34,Female,East,Singapore,basic
V1533,1533,25-34,Non-binary,Central,Cairo,basic
V1534,1534,45-54,Non-binary,North,Stockholm,basic
V1535,1535,45-54,Female,Central,Istanbul,basic
V1536,1536,25-34,Male,West,Los Angeles,standard
V1537,1537,25-34,Non-binary,Central,Dubai,premium
V1538,1538,45-54,Male,North,Oslo,standard
V1539,1539,18-24,Female,Central,Cairo,standard
V1540,1540,18-24,Female,West,Los Angeles,basic
V1541,1541,55+,Male,North,Helsinki,premium
V1542,1542,25-34,Male,West,Los Angeles,standard
V1543,1543,18-24,Male,South,Bangalore,premium
V1544,1544,25-34,Non-binary,East,Seoul,premium
V1545,1545,18-24,Female,Central,Istanbul,basic
V1546,1546,25-34,Female,West,Chicago,standard
V1547,1547,18-24,Female,North,Helsinki,standard
V1548,1548,18-24,Female,Central,Istanbul,standard
V1549,1549,55+,Non-binary,Central,Dubai,premium
V1550,1550,55+,Female,North,Helsinki,basic
V1551,1551,35-44,Male,Central,Dubai,standard
V1552,1552,45-54,Non-binary,East,Tokyo,standard
V1553,1553,25-34,Non-binary,East,Singapore,premium
V1554,1554,55+,Non-binary,North,Oslo,basic
V1555,1555,25-34,Non-binary,East,Tokyo,premium
V1556,1556,55+,Non-binary,West,New York,premium
V1557,1557,35-44,Female,South,Bangalore,premium
V1558,1558,35-44,Male,West,New York,standard
V1559,1559,45-54,Female,East,Singapore,premium
V1560,1560,45-54,Non-binary,North,Helsinki,premium
V1561,1561,35-44,Female,Central,Cairo,standard
V1562,1562,25-34,Female,North,Oslo,basic
V1563,1563,25-34,Female,West,New York,basic
V1564,1564,35-44,Male,South,Chennai,basic
V1565,1565,25-34,Male,West,Chicago,premium
V1566,1566,35-44,Female,North,Helsinki,premium
V1567,1567,45-54,Female,South,Bangalore,standard
V1568,1568,35-44,Male,North,Oslo,basic
V1569,1569,55+,Non-binary,South,Bangalore,standard
V1570,1570,35-44,Non-binary,Central,Cairo,standard
V1571,1571,55+,Non-binary,West,Chicago,premium
V1572,1572,45-54,Female,Central,Istanbul,premium
V1573,1573,35-44,Male,South,Bangalore,basic
V1574,1574,35-44,Female,West,New York,basic
V1575,1575,35-44,Female,East,Tokyo,premium
V1576,1576,55+,Female,South,Mumbai,basic
V1577,1577,25-34,Male,South,Mumbai,basic
V1578,1578,55+,Male,East,Seoul,standard
V1579,1579,25-34,Male,East,Singapore,premium
V1580,1580,35-44,Female,North,Oslo,standard
V1581,1581,55+,Male,West,Chicago,standard
V1582,1582,18-24,Female,North,Stockholm,basic
V1583,1583,35-44,Male,West,New York,premium
V1584,1584,55+,Female,Central,Cairo,premium
V1585,1585,45-54,Female,East,Singapore,premium
V1586,1586,55+,Non-binary,South,Bangalore,standard
V1587,1587,45-54,Male,North,Oslo,premium
V1588,1588,18-24,Female,Central,Dubai,standard
V1589,1589,25-34,Female,Central,Istanbul,basic
V1590,1590,18-24,Non-binary,East,Singapore,basic
V1591,1591,55+,Male,Central,Istanbul,basic
V1592,1592,18-24,Non-binary,North,Stockholm,premium
V1593,1593,55+,Female,North,Oslo,standard
V1594,1594,55+,Non-binary,East,Singapore,basic
V1595,1595,45-54,Male,East,Singapore,standard
V1596,1596,45-54,Female,East,Tokyo,standard
V1597,1597,35-44,Female,East,Seoul,premium
V1598,1598,25-34,Non-binary,North,Stockholm,premium
V1599,1599,45-54,Female,West,New York,premium
V1600,1600,45-54,Male,West,Chicago,premium
V1601,1601,25-34,Male,North,Stockholm,standard
V1602,1602,35-44,Male,Central,Cairo,standard
V1603,1603,18-24,Female,North,Helsinki,standard
V1604,1604,25-34,Non-binary,West,Los Angeles,premium
V1605,1605,25-34,Male,Central,Dubai,standard
V1606,1606,55+,Female,East,Tokyo,standard
V1607,1607,35-44,Female,Central,Cairo,premium
V1608,1608,25-34,Male,West,New York,basic
V1609,1609,35-44,Non-binary,East,Singapore,standard
V1610,1610,35-44,Female,North,Oslo,standard
V1611,1611,18-24,Male,South,Bangalore,standard
V1612,1612,55+,Non-binary,North,Stockholm,premium
V1613,1613,55+,Female,West,Los Angeles,premium
V1614,1614,18-24,Female,West,Chicago,premium
V1615,1615,18-24,Female,Central,Dubai,premium
V1616,1616,25-34,Female,North,Stockholm,premium
V1617,1617,35-44,Male,South,Mumbai,standard
V1618,1618,45-54,Non-binary,East,Seoul,basic
V1619,1619,35-44,Non-binary,East,Singapore,basic
V1620,1620,25-34,Non-binary,Central,Dubai,basic
V1621,1621,25-34,Non-binary,Central,Istanbul,standard
V1622,1622,35-44,Non-binary,East,Singapore,premium
V1623,1623,18-24,Non-binary,East,Singapore,standard
V1624,1624,18-24,Male,South,Chennai,standard
V1625,1625,45-54,Female,East,Seoul,basic
V1626,1626,25-34,Male,North,Helsinki,basic
V1627,1627,55+,Non-binary,South,Chennai,premium
V1628,1628,55+,Non-binary,Central,Dubai,standard
V1629,1629,18-24,Male,West,New York,basic
V1630,1630,35-44,Female,West,Chicago,standard
V1631,1631,45-54,Non-binary,South,Chennai,standard
V1632,1632,35-44,Male,South,Chennai,basic
V1633,1633,25-34,Non-binary,South,Mumbai,premium
V1634,1634,35-44,Male,South,Mumbai,basic
V1635,1635,45-54,Non-binary,North,Oslo,basic
V1636,1636,45-54,Female,North,Oslo,basic
V1637,1637,18-24,Non-binary,North,Helsinki,premium
V1638,1638,45-54,Male,North,Stockholm,basic
V1639,1639,35-44,Non-binary,North,Oslo,basic
V1640,1640,55+,Male,North,Helsinki,basic
V1641,1641,35-44,Male,South,Mumbai,basic
V1642,1642,55+,Female,East,Seoul,basic
V1643,1643,55+,Male,Central,Cairo,premium
V1644,1644,18-24,Non-binary,North,Oslo,premium
V1645,1645,25-34,Female,South,Mumbai,premium
V1646,1646,18-24,Male,North,Helsinki,premium
V1647,1647,35-44,Non-binary,West,Chicago,basic
V1648,1648,18-24,Male,West,Los Angeles,standard
V1649,1649,25-34,Non-binary,West,New York,standard
V1650,1650,35-44,Male,North,Stockholm,basic
V1651,1651,25-34,Female,Central,Istanbul,premium
V1652,1652,55+,Non-binary,East,Tokyo,basic
V1653,1653,45-54,Male,East,Seoul,standard
V1654,1654,55+,Non-binary,West,Los Angeles,premium
V1655,1655,25-34,Non-binary,West,Los Angeles,standard
V1656,1656,25-34,Male,West,Los Angeles,premium
V1657,1657,25-34,Male,East,Singapore,standard
V1658,1658,45-54,Female,North,Helsinki,premium
V1659,1659,18-24,Male,North,Stockholm,standard
V1660,1660,18-24,Non-binary,Central,Dubai,basic
V1661,1661,25-34,Female,East,Tokyo,premium
V1662,1662,18-24,Male,West,Los Angeles,premium
V1663,1663,35-44,Non-binary,West,Chicago,premium
V1664,1664,45-54,Female,East,Seoul,premium
V1665,1665,45-54,Female,Central,Cairo,standard
V1666,1666,45-54,Male,South,Mumbai,standard
V1667,1667,45-54,Male,West,Chicago,basic
V1668,1668,18-24,Non-binary,North,Oslo,basic
V1669,1669,18-24,Male,West,Los Angeles,premium
V1670,1670,25-34,Female,East,Singapore,premium
V1671,1671,18-24,Non-binary,North,Helsinki,standard
V1672,1672,25-34,Female,West,Chicago,standard
V1673,1673,55+,Female,West,Chicago,standard
V1674,1674,55+,Male,Central,Dubai,standard
V1675,1675,45-54,Female,North,Stockholm,standard
V1676,1676,45-54,Male,West,New York,basic
V1677,1677,35-44,Non-binary,Central,Dubai,standard
V1678,1678,25-34,Female,West,Chicago,standard
V1679,1679,18-24,Non-binary,West,Chicago,standard
V1680,1680,55+,Non-binary,Central,Istanbul,standard
V1681,1681,25-34,Non-binary,Central,Dubai,standard
V1682,1682,45-54,Non-binary,East,Seoul,premium
V1683,1683,35-44,Female,East,Tokyo,basic
V1684,1684,18-24,Male,Central,Istanbul,standard
V1685,1685,18-24,Non-binary,Central,Istanbul,standard
V1686,1686,45-54,Female,North,Stockholm,standard
V1687,1687,18-24,Non-binary,East,Tokyo,basic
V1688,1688,35-44,Non-binary,South,Mumbai,premium
V1689,1689,35-44,Male,North,Stockholm,basic
V1690,1690,55+,Female,North,Oslo,standard
V1691,1691,55+,Non-binary,West,Los Angeles,standard
V1692,1692,45-54,Non-binary,North,Oslo,standard
V1693,1693,55+,Female,West,Los Angeles,premium
V1694,1694,45-54,Male,North,Helsinki,premium
V1695,1695,35-44,Female,South,Chennai,premium
V1696,1696,25-34,Non-binary,East,Seoul,standard
V1697,1697,25-34,Female,West,Chicago,basic
V1698,1698,25-34,Female,Central,Istanbul,basic
V1699,1699,55+,Female,East,Tokyo,premium
V1700,1700,55+,Male,North,Helsinki,standard
V1701,1701,18-24,Non-binary,East,Singapore,standard
V1702,1702,25-34,Female,West,New York,premium
V1703,1703,55+,Female,East,Seoul,premium
V1704,1704,35-44,Male,Central,Istanbul,standard
V1705,1705,55+,Non-binary,East,Seoul,premium
V1706,1706,25-34,Male,Central,Cairo,premium
V1707,1707,25-34,Non-binary,Central,Istanbul,basic
V1708,1708,35-44,Non-binary,West,Chicago,premium
V1709,1709,55+,Non-binary,West,Chicago,basic
V1710,1710,25-34,Female,Central,Istanbul,basic
V1711,1711,25-34,Non-binary,South,Chennai,standard
V1712,1712,45-54,Female,West,New York,premium
V1713,1713,45-54,Female,South,Bangalore,premium
V1714,1714,35-44,Non-binary,South,Chennai,basic
V1715,1715,25-34,Male,West,New York,basic
V1716,1716,25-34,Female,North,Stockholm,standard
V1717,1717,45-54,Female,Central,Cairo,basic
V1718,1718,25-34,Female,South,Mumbai,basic
V1719,1719,35-44,Non-binary,East,Singapore,basic
V1720,1720,45-54,Male,North,Oslo,basic
V1721,1721,55+,Female,East,Tokyo,standard
V1722,1722,18-24,Female,East,Singapore,basic
V1723,1723,18-24,Non-binary,South,Chennai,premium
V1724,1724,55+,Non-binary,North,Helsinki,premium
V1725,1725,45-54,Male,East,Tokyo,premium
V1726,1726,35-44,Female,North,Helsinki,premium
V1727,1727,25-34,Female,West,New York,basic
V1728,1728,25-34,Male,North,Stockholm,standard
V1729,1729,35-44,Non-binary,West,New York,standard
V1730,1730,35-44,Non-binary,Central,Dubai,standard
V1731,1731,45-54,Female,Central,Cairo,basic
V1732,1732,25-34,Female,East,Seoul,premium
V1733,1733,35-44,Male,East,Singapore,premium
V1734,1734,18-24,Non-binary,North,Helsinki,basic
V1735,1735,55+,Female,East,Seoul,premium
V1736,1736,18-24,Non-binary,East,Tokyo,standard
V1737,1737,18-24,Female,West,Los Angeles,standard
V1738,1738,25-34,Female,North,Oslo,basic
V1739,1739,35-44,Non-binary,West,Los Angeles,basic
V1740,1740,18-24,Female,East,Seoul,premium
V1741,1741,35-44,Non-binary,West,Los Angeles,basic
V1742,1742,35-44,Non-binary,South,Mumbai,standard
V1743,1743,55+,Non-binary,West,Chicago,premium
V1744,1744,45-54,Non-binary,East,Tokyo,basic
V1745,1745,45-54,Non-binary,South,Mumbai,basic
V1746,1746,25-34,Non-binary,West,Los Angeles,standard
V1747,1747,18-24,Male,Central,Dubai,basic
V1748,1748,25-34,Non-binary,Central,Cairo,standard
V1749,1749,45-54,Female,East,Singapore,basic
V1750,1750,25-34,Non-binary,East,Singapore,standard
V1751,1751,25-34,Male,East,Seoul,standard
V1752,1752,45-54,Female,South,Chennai,basic
V1753,1753,18-24,Non-binary,North,Helsinki,premium
V1754,1754,18-24,Female,South,Mumbai,standard
V1755,1755,18-24,Female,South,Chennai,standard
V1756,1756,35-44,Male,Central,Dubai,standard
V1757,1757,55+,Male,South,Mumbai,premium
V1758,1758,45-54,Female,Central,Cairo,standard
V1759,1759,25-34,Non-binary,North,Oslo,basic
V1760,1760,35-44,Non-binary,East,Seoul,standard
V1761,1761,45-54,Male,South,Chennai,basic
V1762,1762,25-34,Female,East,Tokyo,standard
V1763,1763,18-24,Female,South,Bangalore,basic
V1764,1764,45-54,Male,Central,Istanbul,premium
V1765,1765,18-24,Male,West,Los Angeles,basic
V1766,1766,45-54,Non-binary,East,Tokyo,premium
V1767,1767,45-54,Non-binary,West,Chicago,standard
V1768,1768,18-24,Non-binary,North,Oslo,basic
V1769,1769,25-34,Female,East,Seoul,premium
V1770,1770,18-24,Male,Central,Istanbul,premium
V1771,1771,45-54,Female,Central,Istanbul,premium
V1772,1772,25-34,Non-binary,East,Tokyo,premium
V1773,1773,35-44,Male,South,Chennai,standard
V1774,1774,45-54,Male,East,Tokyo,standard
V1775,1775,45-54,Male,Central,Istanbul,basic
V1776,1776,18-24,Male,East,Seoul,standard
V1777,1777,45-54,Female,East,Seoul,premium
V1778,1778,55+,Female,East,Seoul,basic
V1779,1779,45-54,Male,East,Singapore,premium
V1780,1780,18-24,Male,West,New York,basic
V1781,1781,25-34,Male,South,Bangalore,standard
V1782,1782,45-54,Female,South,Mumbai,standard
V1783,1783,45-54,Female,North,Helsinki,premium
V1784,1784,45-54,Female,West,New York,premium
V1785,1785,18-24,Female,South,Mumbai,basic
V1786,1786,25-34,Male,East,Singapore,premium
V1787,1787,55+,Non-binary,East,Singapore,basic
V1788,1788,18-24,Non-binary,Central,Cairo,basic
V1789,1789,18-24,Male,West,Los Angeles,premium
V1790,1790,35-44,Male,North,Stockholm,premium
V1791,1791,45-54,Female,North,Helsinki,basic
V1792,1792,25-34,Male,East,Tokyo,standard
V1793,1793,45-54,Non-binary,West,Los Angeles,premium
V1794,1794,35-44,Male,North,Helsinki,premium
V1795,1795,35-44,Non-binary,West,Chicago,premium
V1796,1796,25-34,Male,South,Chennai,standard
V1797,1797,18-24,Non-binary,East,Tokyo,premium
V1798,1798,45-54,Male,Central,Istanbul,standard
V1799,1799,25-34,Female,South,Mumbai,basic
V1800,1800,25-34,Female,South,Bangalore,standard
V1801,1801,18-24,Female,South,Bangalore,standard
V1802,1802,55+,Male,East,Seoul,premium
V1803,1803,35-44,Non-binary,North,Oslo,standard
V1804,1804,45-54,Female,West,Los Angeles,premium
V1805,1805,45-54,Male,Central,Istanbul,standard
V1806,1806,25-34,Female,Central,Cairo,standard
V1807,1807,18-24,Non-binary,North,Stockholm,standard
V1808,1808,25-34,Female,South,Chennai,premium
V1809,1809,18-24,Female,Central,Istanbul,standard
V1810,1810,45-54,Female,North,Oslo,basic
V1811,1811,25-34,Non-binary,East,Seoul,standard
V1812,1812,18-24,Non-binary,Central,Dubai,basic
V1813,1813,18-24,Non-binary,Central,Istanbul,standard
V1814,1814,45-54,Non-binary,North,Helsinki,premium
V1815,1815,35-44,Female,East,Singapore,basic
V1816,1816,18-24,Male,Central,Cairo,premium
V1817,1817,25-34,Male,West,Los Angeles,basic
V1818,1818,45-54,Non-binary,North,Stockholm,standard
V1819,1819,45-54,Non-binary,Central,Istanbul,premium
V1820,1820,35-44,Male,East,Tokyo,basic
V1821,1821,55+,Female,North,Helsinki,basic
V1822,1822,55+,Male,West,New York,standard
V1823,1823,18-24,Male,North,Helsinki,standard
V1824,1824,45-54,Non-binary,West,Chicago,premium
V1825,1825,35-44,Non-binary,West,Chicago,standard
V1826,1826,35-44,Male,West,New York,basic
V1827,1827,25-34,Male,North,Oslo,premium
V1828,1828,18-24,Male,South,Bangalore,premium
V1829,1829,25-34,Female,South,Chennai,premium
V1830,1830,18-24,Female,South,Bangalore,basic
V1831,1831,45-54,Male,West,New York,basic
V1832,1832,45-54,Female,South,Bangalore,basic
V1833,1833,55+,Male,West,New York,standard
V1834,1834,45-54,Male,Central,Istanbul,basic
V1835,1835,45-54,Female,North,Stockholm,premium
V1836,1836,55+,Non-binary,Central,Cairo,standard
V1837,1837,45-54,Female,North,Stockholm,premium
V1838,1838,55+,Non-binary,Central,Istanbul,basic
V1839,1839,55+,Male,North,Stockholm,premium
V1840,1840,55+,Male,East,Seoul,premium
V1841,1841,45-54,Male,West,Los Angeles,premium
V1842,1842,45-54,Non-binary,East,Seoul,basic
V1843,1843,35-44,Non-binary,South,Mumbai,standard
V1844,1844,45-54,Male,East,Singapore,basic
V1845,1845,35-44,Non-binary,Central,Cairo,premium
V1846,1846,25-34,Female,West,Chicago,premium
V1847,1847,45-54,Non-binary,West,Chicago,premium
V1848,1848,45-54,Male,East,Singapore,basic
V1849,1849,18-24,Non-binary,East,Seoul,basic
V1850,1850,25-34,Male,South,Chennai,standard
V1851,1851,45-54,Female,North,Stockholm,basic
V1852,1852,55+,Male,South,Mumbai,standard
V1853,1853,35-44,Non-binary,East,Tokyo,basic
V1854,1854,18-24,Male,Central,Istanbul,standard
V1855,1855,55+,Male,North,Oslo,premium
V1856,1856,45-54,Female,South,Bangalore,standard
V1857,1857,55+,Female,North,Oslo,premium
V1858,1858,55+,Non-binary,Central,Dubai,premium
V1859,1859,45-54,Female,North,Oslo,basic
V1860,1860,55+,Male,Central,Cairo,basic
V1861,1861,18-24,Male,Central,Cairo,basic
V1862,1862,35-44,Male,South,Chennai,standard
V1863,1863,55+,Female,West,Chicago,basic
V1864,1864,35-44,Female,South,Mumbai,basic
V1865,1865,45-54,Female,South,Mumbai,basic
V1866,1866,35-44,Female,West,Chicago,basic
V1867,1867,35-44,Female,North,Helsinki,standard
V1868,1868,25-34,Male,East,Singapore,standard
V1869,1869,25-34,Female,South,Bangalore,standard
V1870,1870,55+,Non-binary,West,Los Angeles,basic
V1871,1871,25-34,Male,West,Chicago,premium
V1872,1872,18-24,Female,North,Stockholm,standard
V1873,1873,45-54,Male,South,Bangalore,basic
V1874,1874,55+,Male,South,Chennai,premium
V1875,1875,35-44,Female,Central,Istanbul,premium
V1876,1876,35-44,Non-binary,Central,Cairo,standard
V1877,1877,18-24,Female,East,Singapore,premium
V1878,1878,45-54,Female,South,Chennai,basic
V1879,1879,55+,Non-binary,Central,Cairo,standard
V1880,1880,45-54,Male,East,Seoul,basic
V1881,1881,55+,Female,North,Stockholm,premium
V1882,1882,55+,Non-binary,South,Bangalore,basic
V1883,1883,55+,Non-binary,North,Stockholm,premium
V1884,1884,25-34,Male,East,Tokyo,premium
V1885,1885,35-44,Male,Central,Istanbul,premium
V1886,1886,55+,Male,West,Chicago,basic
V1887,1887,35-44,Non-binary,East,Singapore,standard
V1888,1888,18-24,Non-binary,North,Oslo,standard
V1889,1889,55+,Non-binary,East,Tokyo,standard
V1890,1890,25-34,Non-binary,East,Singapore,premium
V1891,1891,55+,Male,Central,Istanbul,standard
V1892,1892,55+,Non-binary,East,Tokyo,premium
V1893,1893,55+,Non-binary,West,New York,basic
V1894,1894,55+,Non-binary,East,Tokyo,standard
V1895,1895,18-24,Male,West,Chicago,standard
V1896,1896,18-24,Male,West,New York,standard
V1897,1897,45-54,Male,South,Bangalore,basic
V1898,1898,55+,Female,East,Singapore,premium
V1899,1899,45-54,Female,Central,Cairo,standard
V1900,1900,45-54,Non-binary,West,Los Angeles,premium
V1901,1901,25-34,Male,West,Chicago,basic
V1902,1902,45-54,Male,West,Chicago,premium
V1903,1903,18-24,Non-binary,Central,Dubai,standard
V1904,1904,18-24,Non-binary,West,New York,premium
V1905,1905,18-24,Non-binary,East,Seoul,basic
V1906,1906,35-44,Non-binary,North,Stockholm,basic
V1907,1907,25-34,Male,Central,Istanbul,standard
V1908,1908,35-44,Female,East,Seoul,basic
V1909,1909,25-34,Non-binary,South,Bangalore,basic
V1910,1910,35-44,Male,East,Tokyo,premium
V1911,1911,18-24,Male,West,Chicago,standard
V1912,1912,18-24,Female,North,Stockholm,premium
V1913,1913,55+,Female,East,Seoul,standard
V1914,1914,55+,Male,West,New York,premium
V1915,1915,45-54,Non-binary,West,Los Angeles,basic
V1916,1916,18-24,Non-binary,East,Singapore,premium
V1917,1917,45-54,Male,West,Los Angeles,standard
V1918,1918,18-24,Non-binary,Central,Istanbul,premium
V1919,1919,18-24,Male,East,Singapore,basic
V1920,1920,35-44,Non-binary,Central,Cairo,basic
V1921,1921,18-24,Male,Central,Cairo,premium
V1922,1922,18-24,Non-binary,Central,Cairo,basic
V1923,1923,55+,Male,West,New York,premium
V1924,1924,25-34,Male,Central,Istanbul,basic
V1925,1925,55+,Female,South,Mumbai,premium
V1926,1926,35-44,Female,Central,Cairo,basic
V1927,1927,18-24,Female,West,Los Angeles,basic
V1928,1928,18-24,Non-binary,West,Los Angeles,standard
V1929,1929,18-24,Male,East,Tokyo,premium
V1930,1930,35-44,Male,South,Mumbai,standard
V1931,1931,25-34,Female,North,Stockholm,premium
V1932,1932,18-24,Non-binary,South,Bangalore,basic
V1933,1933,18-24,Female,North,Stockholm,basic
V1934,1934,25-34,Female,East,Seoul,standard
V1935,1935,18-24,Male,West,New York,basic
V1936,1936,55+,Male,Central,Istanbul,premium
V1937,1937,45-54,Male,Central,Istanbul,basic
V1938,1938,45-54,Non-binary,East,Seoul,basic
V1939,1939,18-24,Female,West,Chicago,basic
V1940,1940,35-44,Non-binary,North,Helsinki,premium
V1941,1941,25-34,Non-binary,North,Helsinki,basic
V1942,1942,55+,Female,East,Seoul,basic
V1943,1943,25-34,Male,Central,Istanbul,premium
V1944,1944,25-34,Non-binary,South,Bangalore,premium
V1945,1945,18-24,Male,West,Los Angeles,premium
V1946,1946,25-34,Male,East,Tokyo,standard
V1947,1947,55+,Female,East,Singapore,standard
V1948,1948,25-34,Non-binary,East,Singapore,standard
V1949,1949,25-34,Non-binary,North,Helsinki,premium
V1950,1950,35-44,Male,North,Stockholm,premium
V1951,1951,25-34,Non-binary,North,Helsinki,standard
V1952,1952,25-34,Non-binary,West,Chicago,standard
V1953,1953,35-44,Non-binary,East,Seoul,standard
V1954,1954,35-44,Female,South,Mumbai,standard
V1955,1955,35-44,Male,Central,Cairo,basic
V1956,1956,55+,Female,North,Oslo,basic
V1957,1957,45-54,Non-binary,South,Chennai,premium
V1958,1958,45-54,Non-binary,West,New York,premium
V1959,1959,55+,Male,North,Helsinki,standard
V1960,1960,35-44,Female,North,Helsinki,standard
V1961,1961,25-34,Non-binary,West,New York,basic
V1962,1962,35-44,Male,West,Los Angeles,basic
V1963,1963,18-24,Female,South,Chennai,premium
V1964,1964,25-34,Male,East,Singapore,premium
V1965,1965,25-34,Male,East,Seoul,standard
V1966,1966,35-44,Female,North,Helsinki,premium
V1967,1967,25-34,Male,Central,Dubai,premium
V1968,1968,18-24,Female,West,Chicago,premium
V1969,1969,25-34,Non-binary,West,New York,premium
V1970,1970,55+,Non-binary,Central,Dubai,basic
V1971,1971,25-34,Non-binary,Central,Dubai,basic
V1972,1972,55+,Male,East,Singapore,premium
V1973,1973,25-34,Non-binary,East,Tokyo,premium
V1974,1974,55+,Female,Central,Cairo,premium
V1975,1975,18-24,Female,West,Chicago,premium
V1976,1976,35-44,Female,North,Stockholm,standard
V1977,1977,55+,Female,North,Stockholm,standard
V1978,1978,18-24,Non-binary,Central,Dubai,basic
V1979,1979,45-54,Non-binary,East,Seoul,standard
V1980,1980,45-54,Male,North,Stockholm,basic
V1981,1981,18-24,Non-binary,Central,Dubai,premium
V1982,1982,18-24,Male,West,New York,basic
V1983,1983,35-44,Male,East,Singapore,premium
V1984,1984,18-24,Female,North,Stockholm,basic
V1985,1985,35-44,Female,Central,Dubai,basic
V1986,1986,25-34,Female,West,New York,standard
V1987,1987,25-34,Male,Central,Cairo,premium
V1988,1988,18-24,Non-binary,West,Los Angeles,premium
V1989,1989,18-24,Male,North,Oslo,standard
V1990,1990,18-24,Male,East,Tokyo,standard
V1991,1991,35-44,Non-binary,North,Helsinki,standard
V1992,1992,18-24,Non-binary,North,Oslo,premium
V1993,1993,35-44,Female,North,Stockholm,basic
V1994,1994,45-54,Male,Central,Cairo,premium
V1995,1995,18-24,Female,Central,Istanbul,standard
V1996,1996,55+,Non-binary,West,New York,standard
V1997,1997,45-54,Non-binary,North,Stockholm,premium
V1998,1998,18-24,Male,South,Mumbai,premium
V1999,1999,55+,Male,North,Helsinki,basic
V2000,2000,35-44,Female,Central,Istanbul,standard
